,index,Circuit,Loss,k1,k2,theta1,theta2,best_losses,best_loss_circuit
0,0,No Control,0.5611723403971189,0.00021343812576209799,0.000867511468577585,8.036344433626681,0.2204497858620544,0.5611723403971189,No Control
1,1,No Control,0.5897398136003743,0.0005272909587693311,0.0005585563220202366,0.3593286307749269,3.7021454706234063,0.5611723403971189,No Control
2,2,No Control,0.23594998032899547,0.0004041589479772487,4.2862885134398655e-05,2.406383595600266,4.801445502966602,0.23594998032899547,No Control
3,3,Upstream Repression,0.19316430455090705,1.5113601161805082e-05,0.0001891737527840363,3.8940177792386677,6.270506473308686,0.19316430455090705,Upstream Repression
4,4,Upstream Repression,0.45000408964636923,0.0005539978351422197,0.0003954324918872834,1.4986758023809843,5.20942922092909,0.19316430455090705,Upstream Repression
5,5,Downstream Activation,0.12934504378114614,0.00011771750665557536,0.0004957869238499084,5.710895722932685,3.2334336573485385,0.12934504378114614,Downstream Activation
6,6,Downstream Activation,0.39509340955158484,0.0006422062999389563,0.00014051249794790093,0.6350363914957616,1.120614315211343,0.12934504378114614,Downstream Activation
7,7,Dual Control,0.34999584791418226,0.0007577352881365737,0.00046714527252551645,3.466271937498474,3.7245571444293644,0.12934504378114614,Downstream Activation
8,8,Upstream Repression,0.4153865210309779,0.00015732867712094363,0.0006532789887709311,2.950160096851601,6.931934965850383,0.12934504378114614,Downstream Activation
9,9,Upstream Repression,0.48479876136648226,0.0008948032590447298,0.00012285814242009473,9.670481124740839,1.3226377580773319,0.12934504378114614,Downstream Activation
10,10,Dual Control,0.40555791140916536,0.0007095701397860516,0.0008699429269511239,8.332032651552979,6.413079448835161,0.12934504378114614,Downstream Activation
11,11,Downstream Activation,0.5107514103511878,0.0008857222731815473,0.0002581415851369728,2.2004906052299757,5.532217193231405,0.12934504378114614,Downstream Activation
12,12,Dual Control,0.10052449420406587,0.0009676657797675291,0.0007288780810045389,0.8483814335731519,7.246629998171688,0.10052449420406587,Dual Control
13,13,No Control,0.6275543534766026,7.340893002427872e-06,0.0008725484216671674,1.7101685067466446,6.631068032604045,0.10052449420406587,Dual Control
14,14,Upstream Repression,0.4285951901541758,0.00014275954445434509,0.0007113740314439374,0.7641387949969146,9.80100594100613,0.10052449420406587,Dual Control
15,15,Dual Control,0.17322172266527125,0.00020359620256656758,0.0009608441059407391,4.700368507675348,3.664173356327718,0.10052449420406587,Dual Control
16,16,No Control,0.2737931563109847,0.00021888603247598602,0.0002846968848562402,6.839237651894525,4.339039545673691,0.10052449420406587,Dual Control
17,17,Dual Control,0.3326366427099953,0.0007294490383142187,0.00035076101499615904,7.357162177745469,8.175620137707647,0.10052449420406587,Dual Control
18,18,Dual Control,0.4611326975110907,0.0009602457856374473,0.0004191448785906405,7.767541285740383,7.163758300093063,0.10052449420406587,Dual Control
19,19,Dual Control,0.07980636287646926,9.762777061345877e-05,0.0002811700190559489,5.9138302450600415,6.965705450191283,0.07980636287646926,Dual Control
20,20,Dual Control,0.49960405775919275,2.9843859989605725e-05,7.493518889177753e-05,0.006021608763762343,9.966710937858181,0.07980636287646926,Dual Control
21,21,Dual Control,0.08140040141560419,0.0003522372186047858,0.000722822480900277,1.3423966424589349,9.194352815416092,0.07980636287646926,Dual Control
22,22,Dual Control,0.06789143678409412,0.0003105857627726142,0.00015798377367207716,2.64341060617837,9.792425665189223,0.06789143678409412,Dual Control
23,23,Dual Control,0.10194289844477145,3.630842935990023e-05,0.00012339173708785666,2.970840324843828,1.6210706053744284,0.06789143678409412,Dual Control
24,24,Dual Control,0.15232248806146442,0.000289713084460484,0.00022752944430798634,6.0839265937077265,5.284056692147424,0.06789143678409412,Dual Control
25,25,Dual Control,0.2294740663995488,0.0004957385647345407,0.00022200937256851207,9.961555952110555,9.633280968934674,0.06789143678409412,Dual Control
26,26,Downstream Activation,0.3295517751711838,3.7884667932377557e-06,0.0009401240207510702,9.736602263480075,9.074072465713591,0.06789143678409412,Dual Control
27,27,Dual Control,0.10204412994258252,0.00017806478843853567,4.370347867417758e-05,2.943983964284086,8.769311989285063,0.06789143678409412,Dual Control
28,28,Dual Control,0.22528346003365815,0.0005056959450563216,0.0002736993656786551,5.005687948944718,5.365891921517391,0.06789143678409412,Dual Control
29,29,Dual Control,0.3753464252474246,0.00014717168036611648,0.0005795219172875381,5.856922138425658,0.01132069079718967,0.06789143678409412,Dual Control
30,30,No Control,0.7295874572700406,0.0009994169238547413,5.948195115805977e-06,9.936785797099704,9.309913548582578,0.06789143678409412,Dual Control
31,31,Dual Control,0.361318674387071,0.0004216960684492642,4.414435528081836e-06,1.8327630024348842,7.8037930875070165,0.06789143678409412,Dual Control
32,32,No Control,0.8092012895879467,0.0009863077107642657,0.0005303702064715634,4.410982581951666,1.4439708503192885,0.06789143678409412,Dual Control
33,33,Downstream Activation,0.1979534354017469,0.00026605032645317687,0.0009320322406404669,8.35192210677566,9.908694149396165,0.06789143678409412,Dual Control
34,34,Upstream Repression,0.9696480098483762,0.0009321849255249206,0.0009398527526569931,8.606529292778983,0.5910697454519429,0.06789143678409412,Dual Control
35,35,Dual Control,0.28797701417776644,6.721460141642893e-06,0.00015021213584733923,4.105914048656014,6.309355305440808,0.06789143678409412,Dual Control
36,36,Downstream Activation,0.5820111909949007,0.0009533479823062082,0.0007055537385563274,4.366475865605313,6.872427582590028,0.06789143678409412,Dual Control
37,37,No Control,0.5160554158208311,0.0007285827046776836,0.0002439180991431699,9.950351998807584,9.60602093115517,0.06789143678409412,Dual Control
38,38,Upstream Repression,0.7568671411091009,0.0005178125065394047,0.0009424965898825266,6.665579721819218,9.876620527493575,0.06789143678409412,Dual Control
39,39,Dual Control,0.17539449680500363,0.0002744981763640583,0.0003643241869949308,5.819516254604618,3.9648594731993603,0.06789143678409412,Dual Control
40,40,Dual Control,0.08453204549100352,8.448695438369198e-05,0.0005307717968140503,2.1836973379684155,8.486049327816291,0.06789143678409412,Dual Control
41,41,Downstream Activation,0.418669627364867,0.0004531046735253635,0.0004274765522383824,7.155450202505974,0.38302647496580366,0.06789143678409412,Dual Control
42,42,Upstream Repression,0.5717786958116257,0.0007430526082734118,0.0003861619394214661,6.226531271386689,2.9639023803831526,0.06789143678409412,Dual Control
43,43,Dual Control,0.2794892608007265,0.0006025235822549015,0.0002909679080042492,9.341161030023109,9.863657451201904,0.06789143678409412,Dual Control
44,44,No Control,0.799531359861095,0.0007654996402303088,0.0007151155259056656,4.494788257250543,7.339212183196908,0.06789143678409412,Dual Control
45,45,Dual Control,0.44358740520724804,0.00035555291642012384,0.00016014981130170228,0.048996083972390636,2.658267869827591,0.06789143678409412,Dual Control
46,46,Upstream Repression,0.07415861821657321,0.0003273444592494845,1.8577294039427662e-05,7.89072333488104,3.5463747699542427,0.06789143678409412,Dual Control
47,47,Upstream Repression,0.13926116013138468,0.00032119778366217986,1.1319202266615327e-05,7.76211680639565,3.0829227276768165,0.06789143678409412,Dual Control
48,48,Upstream Repression,0.30494780005106314,0.00035552251526857595,0.00023994397329130503,9.84153049256544,8.274412656774077,0.06789143678409412,Dual Control
49,49,Upstream Repression,0.26368033519389333,0.0007073632500284893,6.037994499836076e-06,4.532052181274903,3.0091449915215747,0.06789143678409412,Dual Control
50,50,Upstream Repression,0.5405584622497672,6.0993677847336275e-06,0.0006255446155239377,6.012209486079625,0.010903942812939604,0.06789143678409412,Dual Control
51,51,Upstream Repression,0.3344230904888759,0.0003464158368369851,0.00033203091201436624,2.4365974932645234,4.3712879890295,0.06789143678409412,Dual Control
52,52,Upstream Repression,0.6412453049804371,0.0007318641384815746,0.0005153154059023439,8.19061446199639,8.203542931714782,0.06789143678409412,Dual Control
53,53,Upstream Repression,0.12352306655988693,0.000197809382213397,7.884768617492211e-05,4.970859150396978,1.8142778075344739,0.06789143678409412,Dual Control
54,54,Downstream Activation,0.5841342715050768,0.0006701600080765178,5.42814546935545e-06,0.14899330194921578,2.6619811150796777,0.06789143678409412,Dual Control
55,55,Upstream Repression,0.5980316578585719,0.000599483168896715,0.0007695453225749051,0.36199704288247325,4.60140713940671,0.06789143678409412,Dual Control
56,56,No Control,0.18832044344950166,7.316426335857889e-05,0.0002750846624540926,7.024430492228401,2.1728402267414593,0.06789143678409412,Dual Control
57,57,Downstream Activation,0.21637297220875115,0.0002941885817907327,0.0007577533849532451,3.2452371712076795,8.086086089915659,0.06789143678409412,Dual Control
58,58,Upstream Repression,0.4974956621602869,0.00044783483060538073,0.0005145730399776089,7.147205682057416,7.784710877743299,0.06789143678409412,Dual Control
59,59,No Control,0.9275813182449607,0.0007499840390679763,0.000984079632007156,0.12492956038562308,7.06255343590481,0.06789143678409412,Dual Control
60,60,Upstream Repression,0.6327253761196435,0.0009887945651539144,0.0002765235819469125,8.859595519708268,5.751997776175433,0.06789143678409412,Dual Control
61,61,Downstream Activation,0.4827699637933216,0.0007354201847101027,0.0007062787199997699,9.594583409560986,4.388459017344808,0.06789143678409412,Dual Control
62,62,Upstream Repression,0.5334764789172345,0.0002551588452975576,0.0007855327979331701,3.3163863771456272,4.063420023433114,0.06789143678409412,Dual Control
63,63,Dual Control,0.6862298114504961,0.0008578863814507865,0.0006368136303051883,6.692196470177416,0.22199212208794172,0.06789143678409412,Dual Control
64,64,No Control,0.34630654078720796,0.0005323274790210356,0.0001231940405572001,8.655774932722338,0.10403873313610923,0.06789143678409412,Dual Control
65,65,Dual Control,0.0838428603493861,0.00011238296772686968,0.0003629259680512745,3.9635896698886173,6.358411344468265,0.06789143678409412,Dual Control
66,66,Dual Control,0.4752502052580974,0.00023806088891390034,5.115899792109346e-07,4.9303494777869235,4.595417325933314,0.06789143678409412,Dual Control
67,67,Dual Control,0.09682277776048542,0.00042147599769335793,0.0002264651887145317,2.5477570305414603,7.2515328973126625,0.06789143678409412,Dual Control
68,68,Dual Control,0.07750959822676216,0.0005908832953308968,0.0004651680881893734,0.8369475114369749,9.027272398629322,0.06789143678409412,Dual Control
69,69,Dual Control,0.08022741674833186,0.0006244425515553838,0.00072924290320296,0.9085002400836486,9.13199361546137,0.06789143678409412,Dual Control
70,70,Dual Control,0.12145014853019882,0.0008348250406454811,0.0004845924069613148,1.559073912986878,8.16811725126693,0.06789143678409412,Dual Control
71,71,Dual Control,0.08645995328939815,0.0006311045843395311,0.0006339000625863036,0.621040220391297,9.363110531014515,0.06789143678409412,Dual Control
72,72,Dual Control,0.2606696229167878,0.0005674849593863515,0.0008863991111312294,3.045313281958115,5.7621377999042,0.06789143678409412,Dual Control
73,73,Dual Control,0.24313092914333134,0.0007960458324811957,0.0005636626420888665,3.513336083507116,9.920065360530629,0.06789143678409412,Dual Control
74,74,Dual Control,0.17423247683155124,0.0006831060465839148,0.00046106419816862763,0.28270213061636174,7.696749519766634,0.06789143678409412,Dual Control
75,75,Downstream Activation,0.35705310082903197,0.000491217759055962,1.004568840762732e-05,6.425262235156934,6.9172319107509495,0.06789143678409412,Dual Control
76,76,Dual Control,0.20502467020177795,0.0004844983762450152,0.0008405949573355644,1.1200468688112275,2.4588304270010455,0.06789143678409412,Dual Control
77,77,Upstream Repression,0.11863651729680408,7.106330219324401e-05,0.00013994112086760546,5.311544776389601,2.1094715553821946,0.06789143678409412,Dual Control
78,78,Dual Control,0.1592601798879354,0.0009094493068436355,0.00043102279229471473,2.118989379494702,8.733448173039896,0.06789143678409412,Dual Control
79,79,No Control,0.6756982344694048,0.0008582400486213154,0.0004083852674668199,2.513749935666623,2.9353329663434207,0.06789143678409412,Dual Control
80,80,Dual Control,0.297796533006184,0.0006973173081089677,0.0007757654541566393,2.506355839310928,4.5113121606204905,0.06789143678409412,Dual Control
81,81,Upstream Repression,0.8514191367690954,0.000851938426382564,0.0008524106904432637,1.584758066412582,9.156477972773374,0.06789143678409412,Dual Control
82,82,Downstream Activation,0.3450065700989886,3.7268166314988714e-06,0.0003251751665256314,2.1128851027517297,1.670578773966663,0.06789143678409412,Dual Control
83,83,Dual Control,0.19281216687895125,0.00034712019196229596,0.0009496609278063486,3.9166098724420717,6.628540408103706,0.06789143678409412,Dual Control
84,84,Upstream Repression,0.46755183634355185,0.0004428012150598528,0.0004582461968745382,9.42459824920691,7.025406757664724,0.06789143678409412,Dual Control
85,85,No Control,0.5738400824747941,0.0003756763810838396,0.0007036929162275898,5.103990539725286,8.317190440787616,0.06789143678409412,Dual Control
86,86,Dual Control,0.11586247410654604,0.0005444415906274699,0.000327263549645488,0.5300709043081607,7.7104743857718345,0.06789143678409412,Dual Control
87,87,Upstream Repression,0.23712353660490465,0.0006303263884264356,4.9779396932954644e-05,7.657999278350928,0.5293890924573259,0.06789143678409412,Dual Control
88,88,Dual Control,0.1281100118302143,0.00042489341252677356,9.684603417471036e-05,1.6866003628865909,0.7636761655818631,0.06789143678409412,Dual Control
89,89,Downstream Activation,0.20085912618443802,0.0002508933986562255,0.0005926962158081563,7.820677372015126,4.616600614838364,0.06789143678409412,Dual Control
90,90,Upstream Repression,0.721351044154294,0.0007954607018315109,0.0006127489545526156,5.914491375285442,5.648399909155582,0.06789143678409412,Dual Control
91,91,Dual Control,0.3846633187469897,0.0007472131581427952,0.00042096519579186555,4.507174534136764,3.195581277729529,0.06789143678409412,Dual Control
92,92,No Control,0.7027925969644758,0.0006261354646561929,0.000672181817547621,5.607378769633669,5.795220006344851,0.06789143678409412,Dual Control
93,93,Upstream Repression,0.3572769334731344,0.0004449577831217136,0.0002712700576937551,4.582031782464735,3.7248756846008875,0.06789143678409412,Dual Control
94,94,Dual Control,0.16196068248799197,0.0003139764134899419,0.0006783886578845964,3.3051793237937104,5.891416169596081,0.06789143678409412,Dual Control
95,95,Downstream Activation,0.9686695623729853,0.0009850343230444183,0.0008443546610634397,4.537711052031298,0.03994543325283306,0.06789143678409412,Dual Control
96,96,Upstream Repression,0.8516205522525544,0.0006440629056097459,0.0009986422914455093,7.092925286381115,2.1948371316872244,0.06789143678409412,Dual Control
97,97,Dual Control,0.08864775084032984,0.00023493763408710818,0.0001673639531364567,5.262929582284793,9.216556945167456,0.06789143678409412,Dual Control
98,98,No Control,0.34180376945407515,0.00021476078980436328,0.0004267970359416223,3.700752479440034,1.0412826854643895,0.06789143678409412,Dual Control
99,99,Dual Control,0.0998523768443145,0.00046050913306075524,6.834049649358526e-05,1.2232208942644613,7.128400481195474,0.06789143678409412,Dual Control
100,100,Upstream Repression,0.15413310525281887,7.961765963243757e-05,0.00020635018173557714,3.747201756770057,6.2340089201628,0.06789143678409412,Dual Control
101,101,Dual Control,0.34423851201582945,0.0006719912977632006,0.0005247473579143225,8.284275642114672,8.335763547464385,0.06789143678409412,Dual Control
102,102,Upstream Repression,0.19615297194856596,0.00025389498685242677,0.00017698913978618828,2.212817416641882,9.00932027783839,0.06789143678409412,Dual Control
103,103,Downstream Activation,0.45916453265007334,0.0008162085076016815,0.00015242530026243566,1.0650806924471032,6.238545216053783,0.06789143678409412,Dual Control
104,104,Dual Control,0.1508332130918452,0.00037993847209236815,0.00019702526012893644,6.9582814308852745,9.600044483646046,0.06789143678409412,Dual Control
105,105,Dual Control,0.49543966562318176,0.0005324237271481621,0.00038911612615280793,0.0032870057670950636,1.5003570539906477,0.06789143678409412,Dual Control
106,106,No Control,1.0165381563424887,0.0008980686107102427,0.000994384108653859,1.072290036254199,8.64871485221001,0.06789143678409412,Dual Control
107,107,Upstream Repression,0.25747019259774323,6.384596272490515e-05,0.0004203436633705613,8.997100061707583,4.989638576277055,0.06789143678409412,Dual Control
108,108,Dual Control,0.07486641611021996,0.00021779452591135905,0.00030591346395879364,2.5788502416624275,8.917615958521047,0.06789143678409412,Dual Control
109,109,Dual Control,0.08003047940935662,0.0001660004345458808,0.00029383805266430764,3.6013794939324892,8.110170146204192,0.06789143678409412,Dual Control
110,110,Upstream Repression,0.5666965595922353,0.0005571321275366486,0.000555273297803795,4.01562780966392,6.657695186353027,0.06789143678409412,Dual Control
111,111,Downstream Activation,0.28178346690006606,0.0004086896304632969,0.0006075687599487178,8.566637343828045,7.997320675077642,0.06789143678409412,Dual Control
112,112,Dual Control,0.06813012830078768,0.00023030000202706196,4.1206648262201974e-05,4.40510467572517,6.800253836478852,0.06789143678409412,Dual Control
113,113,No Control,0.13575266866847302,0.0001080851227002329,0.00013511999634807805,6.247514999838927,5.970746852994266,0.06789143678409412,Dual Control
114,114,Upstream Repression,0.24414766946354366,0.0003801803184638017,0.00032527161204126025,0.08696972204033315,1.168211926387177,0.06789143678409412,Dual Control
115,115,Dual Control,0.11783943685880857,6.885602978530568e-05,2.716530406862453e-05,4.361549373643574,3.95115707800645,0.06789143678409412,Dual Control
116,116,Dual Control,0.11567586208125694,0.00029613884500504466,9.907389125610346e-05,5.5335898798773,4.890286297924603,0.06789143678409412,Dual Control
117,117,Upstream Repression,0.1845203399369668,0.0002686209847653063,0.00010534644428969582,9.989496155607316,7.455299112874441,0.06789143678409412,Dual Control
118,118,Downstream Activation,0.39160228413881104,0.0005977771740428448,0.0009928978030210372,3.4822987642212153,9.942969916280628,0.06789143678409412,Dual Control
119,119,Dual Control,0.10519580951993701,4.207134565868941e-05,4.3216613220970524e-05,6.329652035937078,6.83381583326325,0.06789143678409412,Dual Control
120,120,No Control,0.624031316954976,0.0003608121248493176,0.0008215412990305747,8.965629713609863,3.7841215692062224,0.06789143678409412,Dual Control
121,121,Upstream Repression,0.8145716544719265,0.000991238394625402,0.0006788798980362436,1.3262609900628668,0.20333439691989508,0.06789143678409412,Dual Control
122,122,Dual Control,0.0922296063861676,0.00011933735501740614,0.00023614082339278367,7.508041419641469,5.701535821460946,0.06789143678409412,Dual Control
123,123,Dual Control,0.12778079302943726,0.0002666647981854405,0.00012050332945146728,9.611058478029996,7.452958861608293,0.06789143678409412,Dual Control
124,124,Upstream Repression,0.2499567647973546,0.0001377584892000616,0.0003429997944222281,5.622316111579742,3.4535360260967978,0.06789143678409412,Dual Control
125,125,Downstream Activation,0.13285488828182496,0.0001393296001487698,0.0003529645134918222,5.261688863978986,3.5450741156975645,0.06789143678409412,Dual Control
126,126,Dual Control,0.39840768961285616,0.00018713550439340573,2.2357208088428246e-06,8.375406722823437,5.338058118270947,0.06789143678409412,Dual Control
127,127,No Control,0.6569961374367075,0.0006035087069773213,0.0006079686572246043,7.5169888084099625,8.014215616181383,0.06789143678409412,Dual Control
128,128,Dual Control,0.16239662281771103,0.00038457901999601154,0.0002491221890637059,4.773756589540792,6.230488012614546,0.06789143678409412,Dual Control
129,129,Upstream Repression,0.7474992499790657,0.000915234623710139,0.0005776451164426792,2.8138562975792363,1.2476300619699612,0.06789143678409412,Dual Control
130,130,Dual Control,0.1405781165608589,1.4407642688008904e-05,0.00014815053139290567,6.355074436553499,3.1743998848712067,0.06789143678409412,Dual Control
131,131,Upstream Repression,0.9014813223054263,0.0008614569955688301,0.0008854529691961124,6.652193603369373,2.6067041136115905,0.06789143678409412,Dual Control
132,132,Downstream Activation,0.11276716067658048,0.0001151635072750207,0.00012885966913853684,6.491566338955132,2.039725045695914,0.06789143678409412,Dual Control
133,133,Dual Control,0.07669227994041343,0.00014620019249039754,0.0001917011289053727,5.229483343834064,8.533207319088229,0.06789143678409412,Dual Control
134,134,No Control,0.6933044065385513,0.0008823608075584745,0.0004179158983098407,3.3968323411518497,2.637013941307235,0.06789143678409412,Dual Control
135,135,Dual Control,0.08822210870024909,0.00032842020879865556,6.448405118066691e-05,4.174075093676988,4.293501689677774,0.06789143678409412,Dual Control
136,136,Upstream Repression,0.43685379125752843,0.0005245796942985208,1.2772722507020221e-06,8.431351956898459,9.116853600053444,0.06789143678409412,Dual Control
137,137,Dual Control,0.11237638740967634,0.0004501709652003277,0.0003345978317767974,2.0338209883836673,6.10197953649468,0.06789143678409412,Dual Control
138,138,Upstream Repression,0.17117874074365172,0.00017434870071062172,0.0001583597119352464,8.07900287683899,5.164841889633329,0.06789143678409412,Dual Control
139,139,Downstream Activation,0.2576372111864466,0.0003708085682755301,0.0005744156308597165,1.654658911114351,8.567425185783858,0.06789143678409412,Dual Control
140,140,Dual Control,0.10851457008858455,0.00026505393530733723,0.00026833024531286963,2.854941693689824,5.024408269878535,0.06789143678409412,Dual Control
141,141,No Control,0.5607710680738822,0.00027779349179642734,0.0007915348981326575,5.8394283573283685,9.895054689429129,0.06789143678409412,Dual Control
142,142,Dual Control,0.07289372124069068,6.400502949936487e-05,0.00019826935393286137,5.649832778483675,6.661143571712033,0.06789143678409412,Dual Control
143,143,Dual Control,0.07068504485076013,7.045046037158975e-05,0.00013038366142708568,5.613069333853674,6.829526161070416,0.06789143678409412,Dual Control
144,144,Dual Control,0.07626077947340897,0.00010469303048538944,3.191454398140237e-05,7.237771707695043,7.415073768420448,0.06789143678409412,Dual Control
145,145,Dual Control,0.07374364355964043,5.752216144882208e-05,0.00020366671420787285,5.725103423945989,6.69068736858596,0.06789143678409412,Dual Control
146,146,Dual Control,0.08649528515948757,0.00020211354047592773,0.00012226217163223334,6.308321884001505,7.997998103455271,0.06789143678409412,Dual Control
147,147,Dual Control,0.08146737937913022,0.00014493237335235138,0.00016297355919452392,5.297909665479694,6.496707964740379,0.06789143678409412,Dual Control
148,148,Dual Control,0.07475908031681189,0.0002456270867106905,8.387825801168595e-05,4.562940199827236,7.044620422447922,0.06789143678409412,Dual Control
149,149,Dual Control,0.4803914927263666,4.3431642660337407e-07,0.0001317081322564311,3.7662058146549087,5.638619898839492,0.06789143678409412,Dual Control
150,150,Dual Control,0.08465984117478988,8.151779452548625e-05,0.00038537437780213323,6.762510736120132,6.02660867682199,0.06789143678409412,Dual Control
151,151,Dual Control,0.3670570682072399,0.00012386619152633807,3.2025170870250816e-06,7.924742059326775,7.504897005562336,0.06789143678409412,Dual Control
152,152,Dual Control,0.074453539697912,0.0001719383635121369,0.00018328263345381625,3.226981130079911,6.881562373225738,0.06789143678409412,Dual Control
153,153,Dual Control,0.12846323906355944,0.00021005650255410892,0.00026180268625754157,6.017484808944609,5.008010925573862,0.06789143678409412,Dual Control
154,154,Dual Control,0.09243318793167261,3.414917520054762e-05,0.00021624595126042067,5.094616178200127,7.8647135599902,0.06789143678409412,Dual Control
155,155,Dual Control,0.08811862812805267,0.0003746801828265048,5.841118779165196e-05,4.844444715503794,5.499761372897457,0.06789143678409412,Dual Control
156,156,Dual Control,0.10468411421945244,0.00029187011692914167,0.00010646195026722265,5.544773867001437,6.425730829346274,0.06789143678409412,Dual Control
157,157,Dual Control,0.14156610746598797,9.296446500921542e-05,2.8652182394788356e-05,4.2159498209836475,9.654046995132685,0.06789143678409412,Dual Control
158,158,Dual Control,0.15997736111670005,0.0003248099328070514,0.0003109403143204046,7.04885434261581,8.66254498117981,0.06789143678409412,Dual Control
159,159,Dual Control,0.07902917548898196,0.00013804477184955398,0.00013934257683146682,6.558899306218496,7.247929924167905,0.06789143678409412,Dual Control
160,160,Dual Control,0.10137375889040616,0.00024162403685337852,0.00034299367809495507,3.8707537216263823,8.349757059130942,0.06789143678409412,Dual Control
161,161,Dual Control,0.10375200307225764,0.00017751342912270392,0.000168493920660444,5.608528057789809,4.677339270508858,0.06789143678409412,Dual Control
162,162,Dual Control,0.07796295395150579,0.0004014762505974572,8.231767344613042e-05,2.7943309490305266,5.246562765879078,0.06789143678409412,Dual Control
163,163,Dual Control,0.08687211323541763,5.444311740127702e-05,0.0003878038696705266,8.951068627955706,4.241406737740677,0.06789143678409412,Dual Control
164,164,Dual Control,0.2726355031609979,6.096349969217089e-06,0.00044784062180945226,4.581600195215776,5.933248627634083,0.06789143678409412,Dual Control
165,165,Dual Control,0.0734580964673753,0.0003463866087060626,0.00024240965005897802,2.2749989006854427,9.431116429951036,0.06789143678409412,Dual Control
166,166,Dual Control,0.0792511115157189,0.00022235103163509144,0.0005004418872828718,1.5201234943326662,7.602917516991763,0.06789143678409412,Dual Control
167,167,Dual Control,0.11362126341419784,0.0003074958571475327,0.0005791902573209763,3.2632299048090525,9.980753946433763,0.06789143678409412,Dual Control
168,168,Dual Control,0.09041091877840608,0.0002698201226759107,5.12998823886108e-05,5.842494555954618,3.6885940245275557,0.06789143678409412,Dual Control
169,169,Downstream Activation,0.39157789610121285,0.0005767369673744077,0.0008432562982333884,3.0736610388093206,5.541721461142523,0.06789143678409412,Dual Control
170,170,Dual Control,0.14263582202010988,0.0005146876772772937,0.00027718491028205956,3.6680262651439106,8.89605128778593,0.06789143678409412,Dual Control
171,171,No Control,0.43286084392286894,0.0006564312162460793,0.00016369026848745137,9.16098729779278,5.7571989308261715,0.06789143678409412,Dual Control
172,172,Dual Control,0.09578410197990933,2.7332207231146497e-05,0.000989299433342469,7.624544866163742,7.918036114394981,0.06789143678409412,Dual Control
173,173,Dual Control,0.08700571466589371,0.00019708654446173824,0.00010940965026616002,6.115623429101278,6.7627094359571505,0.06789143678409412,Dual Control
174,174,Dual Control,0.1118797526528024,0.00015654572795982275,1.817496047334011e-05,4.994898764444658,3.375375566221186,0.06789143678409412,Dual Control
175,175,Downstream Activation,0.4603125458731542,0.0007855934152065385,0.00021492702037817545,9.027191682072248,3.8968482173837318,0.06789143678409412,Dual Control
176,176,Dual Control,0.19432380860760967,0.0004715526589345637,0.00031755944302514194,4.311393461299504,6.213510595790948,0.06789143678409412,Dual Control
177,177,No Control,0.7399655626114202,0.00045380141879336754,0.0009463122837509235,1.2529081546850929,1.652942762531438,0.06789143678409412,Dual Control
178,178,Dual Control,0.10761127825758049,6.988718978207759e-05,0.00036315344267197206,1.8640698113879939,1.9386648309111782,0.06789143678409412,Dual Control
179,179,Dual Control,0.075703978462931,0.00012143292246987597,0.0002156114309983994,5.44058319118406,8.25271156691976,0.06789143678409412,Dual Control
180,180,Dual Control,0.4284924655413966,0.0009896606024866164,0.0002944511784283689,6.602920036170392,6.585712984039675,0.06789143678409412,Dual Control
181,181,Downstream Activation,0.6106417777184117,0.0008895889225790444,0.00046611994704625736,9.974568878784,0.7822454001469294,0.06789143678409412,Dual Control
182,182,Dual Control,0.0680828528157642,0.0004274958600693214,8.777296535446423e-05,2.336045536031726,7.063313659034069,0.06789143678409412,Dual Control
183,183,Dual Control,0.06745095386967011,0.0004211635644095981,8.650646206657486e-05,2.3109211489077204,7.307075927352807,0.06745095386967011,Dual Control
184,184,No Control,0.21650192451908887,3.142205588189213e-05,0.0003312189026259002,3.251235405406234,0.8870272239707218,0.06745095386967011,Dual Control
185,185,Dual Control,0.10131000447014825,0.0005401569637588726,6.98303858236286e-05,1.0892583388801431,7.062074164650112,0.06745095386967011,Dual Control
186,186,Dual Control,0.1065713256067608,0.0005819062372565524,0.0006284200918569369,0.4794360600898899,8.544447287434467,0.06745095386967011,Dual Control
187,187,Dual Control,0.3978132736729214,0.0004443352339368741,2.6436323927375634e-06,2.5540235821526887,9.68506186643031,0.06745095386967011,Dual Control
188,188,Downstream Activation,0.12391124170004908,0.00018826467015037605,2.0714487395030658e-05,3.932360988910476,7.374565075636658,0.06745095386967011,Dual Control
189,189,Dual Control,0.1018166891420262,0.0003638480338501474,8.645307718361912e-05,1.4151440124842734,9.310015487792676,0.06745095386967011,Dual Control
190,190,Dual Control,0.0815073778343828,0.0006638887066801412,0.00015142815782593844,2.337761565801024,9.039128072308316,0.06745095386967011,Dual Control
191,191,No Control,0.10246758117177368,0.000120704514012621,6.0005677446618787e-05,2.2653821889862,8.995883832692389,0.06745095386967011,Dual Control
192,192,Dual Control,0.10520380646282518,0.000506687479698114,0.00017437223196552101,3.024625246660377,7.730353125879615,0.06745095386967011,Dual Control
193,193,Dual Control,0.42446886933402256,0.000401311217175809,4.784077089275069e-05,0.17262555062112694,7.350060575742907,0.06745095386967011,Dual Control
194,194,Dual Control,0.08271703698101765,0.0005590942993134169,0.0002545708494875593,1.7777273816277077,8.106784324733546,0.06745095386967011,Dual Control
195,195,Downstream Activation,0.11352174727005387,5.329531555247339e-05,0.000799748287081531,7.7124393454623945,2.7767569481554863,0.06745095386967011,Dual Control
196,196,Dual Control,0.21558514086943698,0.00043549231020385815,0.000756150123260379,3.4523553687818733,5.833738554369894,0.06745095386967011,Dual Control
197,197,Dual Control,0.29234939660220904,0.0004836434382421252,1.2595049749228023e-05,0.8377420097395785,5.163065263302958,0.06745095386967011,Dual Control
198,198,No Control,0.6345470168690049,0.00029685303044527426,0.0009169555226339096,7.905589658073107,0.11839918714446185,0.06745095386967011,Dual Control
199,199,Dual Control,0.0812759538056627,0.0006163565030432197,0.00011268414603262735,1.9163577913111922,5.494727890085748,0.06745095386967011,Dual Control
200,200,Dual Control,0.11322665148605154,0.00039608110984708553,0.0004075985892330104,2.8220232269145265,8.869727571150317,0.06745095386967011,Dual Control
201,201,Dual Control,0.07927682209748689,0.00034028980652496316,3.684968560925375e-05,2.415639849482515,4.7435413033165545,0.06745095386967011,Dual Control
202,202,Downstream Activation,0.24587653061723197,0.00034260434862427874,0.000988851337270559,5.8968789869407265,8.948120450937692,0.06745095386967011,Dual Control
203,203,Dual Control,0.11759963766589718,0.0007796253663061108,0.00022309692658692724,2.096206990727752,7.142074123917155,0.06745095386967011,Dual Control
204,204,Dual Control,0.3162232864165104,0.0006489337986528333,0.0008968240252376638,4.013050182072343,6.364229147136888,0.06745095386967011,Dual Control
205,205,No Control,0.7645555133791896,0.0009497096695629446,0.00048381947415517847,0.6203859494937918,7.695493040052403,0.06745095386967011,Dual Control
206,206,Dual Control,0.09535699406403046,0.00025377027229367904,9.788684817404431e-05,1.6307209075288447,8.397356577242377,0.06745095386967011,Dual Control
207,207,Dual Control,0.2533373092328608,0.00041341209875334555,0.0001859842710042853,3.1511922971785964,0.6302305743772019,0.06745095386967011,Dual Control
208,208,Dual Control,0.11916902513886218,0.0004605345042117843,0.00013974890613017497,2.732710108286388,4.308907101516867,0.06745095386967011,Dual Control
209,209,Dual Control,0.12226447855375241,0.0002967130364561005,0.0005434670363712243,3.438197822930645,8.6502780873795,0.06745095386967011,Dual Control
210,210,Downstream Activation,0.308914828023449,0.0005452236261111816,7.264127411365655e-05,2.715952934674202,5.758847784841484,0.06745095386967011,Dual Control
211,211,Dual Control,0.4734249394513663,0.0007267103259395831,5.568341463754256e-07,2.6236664471829645,9.851087962867943,0.06745095386967011,Dual Control
212,212,No Control,0.5459124121364644,0.0008200539012260593,0.0002156432003307154,8.425711703778827,3.348444281179,0.06745095386967011,Dual Control
213,213,Dual Control,0.22876418850331812,0.00036620135307869294,5.90350335830419e-05,0.6665022462571966,7.607769834093995,0.06745095386967011,Dual Control
214,214,Dual Control,0.07386732990383243,0.0004195212335545369,0.0001589818378796014,1.2949306332638884,6.166418329136319,0.06745095386967011,Dual Control
215,215,Dual Control,0.11571456171846999,0.0003264763767716066,0.0008233522701262384,1.0098824461148486,4.033927915387002,0.06745095386967011,Dual Control
216,216,Dual Control,0.09831952042307857,0.0005244726628285176,7.848940624011285e-05,2.246057398879051,2.7876865359988043,0.06745095386967011,Dual Control
217,217,Downstream Activation,0.1952959956939209,0.00019120883347864494,0.0005408988313802661,0.060232057405747774,1.845367018728937,0.06745095386967011,Dual Control
218,218,Dual Control,0.18802770138830555,0.0004892362507483807,0.0006607599146803782,3.773581324086858,9.476353555256056,0.06745095386967011,Dual Control
219,219,No Control,0.5806142811720849,0.0004850830150257854,0.0005891170260192084,9.63220829691609,4.797259618659518,0.06745095386967011,Dual Control
220,220,Dual Control,0.20526980592812485,0.0005658956312477634,0.0002064080358780547,4.427143116459648,5.6469800516207815,0.06745095386967011,Dual Control
221,221,Dual Control,0.14940193377145722,0.0002810998227163695,0.0004877639930356222,4.729866461341073,6.927362997209853,0.06745095386967011,Dual Control
222,222,Upstream Repression,0.6767328210468024,0.0006910281507459624,0.0007340869007230831,0.7413861174697942,9.926452643094333,0.06745095386967011,Dual Control
223,223,Dual Control,0.3265118532412198,0.00022441794856706848,0.00023442569679419623,0.3352821981925651,9.127730763633036,0.06745095386967011,Dual Control
224,224,Dual Control,0.14453587107682375,0.0006036011828907512,0.0002816619179122478,2.9472517869231964,7.887825521543626,0.06745095386967011,Dual Control
225,225,Downstream Activation,0.41652294440291016,0.0006904127529964631,0.0003849358682385195,0.8963548455903654,9.612844690632132,0.06745095386967011,Dual Control
226,226,Dual Control,0.070032230754624,0.00038250710523696387,3.0878351483458236e-05,4.056897678782173,7.222492960527672,0.06745095386967011,Dual Control
227,227,No Control,0.5567408411104721,0.0006838810520425746,0.0003545486024640385,4.298164446038483,6.512299573617407,0.06745095386967011,Dual Control
228,228,Dual Control,0.07674996513784992,0.0003111038750012002,0.00012244177986870053,3.524235747333944,8.040255677968869,0.06745095386967011,Dual Control
229,229,Dual Control,0.07209527047613154,0.00046727059163116186,9.588418603013882e-05,1.4590830809839463,5.380628451230648,0.06745095386967011,Dual Control
230,230,Upstream Repression,1.0045645242738537,0.0009581284843904615,0.0009787378474419943,9.391422668358457,6.17148013348252,0.06745095386967011,Dual Control
231,231,Dual Control,0.10181458648013844,0.0003411146512754959,0.0003319596617835685,2.1200999694891447,5.90076555080972,0.06745095386967011,Dual Control
232,232,Dual Control,0.17965526741941285,0.00044295492944018233,0.0006142870220341725,3.320241973251509,7.401906191101259,0.06745095386967011,Dual Control
233,233,Downstream Activation,0.6313015069431891,0.0009235121755866722,0.0006636898817430232,5.4270176491495,1.2269522056484838,0.06745095386967011,Dual Control
234,234,Dual Control,0.08084039940048876,0.00035786164085819275,0.0001777539611219226,1.2704339067578458,8.269742306610157,0.06745095386967011,Dual Control
235,235,No Control,0.48273545756469866,0.00016390450614568595,0.0007681597795284749,6.973810768661307,5.2055712805857315,0.06745095386967011,Dual Control
236,236,Dual Control,0.20203351341233416,0.0009113632603373536,0.00014302651131174244,3.076826872890234,4.915688932703076,0.06745095386967011,Dual Control
237,237,Dual Control,0.10864452425910828,0.0002564625748768551,0.00035579762663540105,0.7484642117603475,6.493052200355672,0.06745095386967011,Dual Control
238,238,Upstream Repression,0.8399200329775618,0.0008084057848289242,0.000866843966093906,1.697395868895708,9.59706517369716,0.06745095386967011,Dual Control
239,239,Dual Control,0.10759140958343379,0.0006957890426796357,0.00044929946052813224,1.702146280199901,8.779793182354574,0.06745095386967011,Dual Control
240,240,Dual Control,0.09639275849148485,0.00018540294693022345,6.599940541547717e-05,1.951582182779388,6.091972656113531,0.06745095386967011,Dual Control
241,241,Downstream Activation,0.5010424733050496,0.0008520911820118198,0.000302000356710028,1.5545963059883254,4.971733767935129,0.06745095386967011,Dual Control
242,242,Dual Control,0.13708612036918802,0.000499107369265912,1.872204192530157e-05,2.3779751743964344,7.768213303043357,0.06745095386967011,Dual Control
243,243,No Control,0.65097242460845,0.0005848456897362028,2.798203927868335e-06,2.8353521040772356,3.9660007605886207,0.06745095386967011,Dual Control
244,244,Dual Control,0.12087794219937702,0.000293520252278323,0.00026271220244231466,4.175896022962715,6.861360172801171,0.06745095386967011,Dual Control
245,245,Dual Control,0.27770175657038454,0.0005845502117955758,0.0004097281513152944,4.653007876828194,5.105694219210796,0.06745095386967011,Dual Control
246,246,Upstream Repression,0.4346549577012381,0.0003899411878586315,0.00046605945000176594,3.5044990943382057,8.501010545941595,0.06745095386967011,Dual Control
247,247,Dual Control,0.06496124236243211,0.00023830955490699256,4.767350784387871e-05,5.1687423808704285,9.886923588495243,0.06496124236243211,Dual Control
248,248,Dual Control,0.1589188891995548,0.00042633922588413846,0.0003009990653246011,5.190461210814896,9.607237078470577,0.06496124236243211,Dual Control
249,249,Downstream Activation,0.075807115874594,6.17880283345134e-05,0.00022699179491120854,7.022042124873996,6.454541247355136,0.06496124236243211,Dual Control
250,250,Dual Control,0.4055322560724579,0.0006412005872062155,0.00020335138525647115,0.11564451050352664,9.258950227668644,0.06496124236243211,Dual Control
251,251,Dual Control,0.11491062944233259,0.0003912014769774745,0.00011854234351817492,6.222739062898862,9.85424146454746,0.06496124236243211,Dual Control
252,252,No Control,0.6097884555114244,0.0003070941197485277,0.0008554767141372408,5.081301903592363,0.5133214903435048,0.06496124236243211,Dual Control
253,253,Dual Control,0.1416086481641375,0.00028006953077435413,0.000697248939670015,4.88077920270997,9.988760687924417,0.06496124236243211,Dual Control
254,254,Upstream Repression,0.7713822896753535,0.0005732435647424909,0.0009259783810612704,4.407624911867503,0.6711054530194618,0.06496124236243211,Dual Control
255,255,Dual Control,0.45365814684165345,0.0005396742920349019,2.8301166943560266e-06,0.41900197645771886,9.748877951676649,0.06496124236243211,Dual Control
256,256,Dual Control,0.11040888251469892,0.0002150950691156726,0.00023502175350708743,6.884909108058117,8.527709064797989,0.06496124236243211,Dual Control
257,257,Dual Control,0.07914566117101443,0.0003156230327281673,4.308057483365002e-05,5.424877816937155,4.512977827741377,0.06496124236243211,Dual Control
258,258,Dual Control,0.07032959525603653,0.00015584243541613105,8.468590918940189e-05,3.671100044775251,8.9915313321377,0.06496124236243211,Dual Control
259,259,Dual Control,0.10356100184991274,0.0002371847589248288,0.00016023090274517733,7.217379843091263,9.358059563779797,0.06496124236243211,Dual Control
260,260,Dual Control,0.10491296601363316,0.00019706978673752394,2.1785385821036953e-05,4.399030717967655,6.592239590930501,0.06496124236243211,Dual Control
261,261,Dual Control,0.06873883598575825,0.0001081390073719369,5.5592704897047314e-05,5.863098393974477,7.535667896908694,0.06496124236243211,Dual Control
262,262,Dual Control,0.07186638387450486,0.00026670603115007185,0.00010497771156328141,3.8741440621376313,8.23155179730273,0.06496124236243211,Dual Control
263,263,Dual Control,0.08099404720900447,0.00034830321439426265,0.00013100639560663634,2.7669697884242863,6.320770262246702,0.06496124236243211,Dual Control
264,264,Dual Control,0.13928082270989003,0.00040782893732512187,0.00018761791522064195,5.057822704930363,8.057443332646562,0.06496124236243211,Dual Control
265,265,Dual Control,0.4496417547392568,0.00022928333165386333,1.8211801944823772e-06,1.0001378155203011,7.0216404056834065,0.06496124236243211,Dual Control
266,266,Dual Control,0.09865838414577903,0.0003726092811436676,7.91991531687767e-05,6.494441600074309,9.139799819759721,0.06496124236243211,Dual Control
267,267,Dual Control,0.11092589401730588,0.0003273788781685024,0.00015032591759051137,2.6194250505937533,3.4597246616665513,0.06496124236243211,Dual Control
268,268,Dual Control,0.11237625360663453,0.00013196438145395386,4.213417157389769e-05,3.2066530549580987,8.723896675909817,0.06496124236243211,Dual Control
269,269,Dual Control,0.48926692599732596,0.00016504353697534762,2.1866982069235067e-07,7.905997164607381,9.472213104155752,0.06496124236243211,Dual Control
270,270,Dual Control,0.1980442883856411,0.00045472662034047286,0.00011677322939935978,3.3587600737377645,1.3566001173217757,0.06496124236243211,Dual Control
271,271,Dual Control,0.11958053280301227,9.079701572629992e-05,5.825464657762005e-05,3.0001425140105926,8.381391024490211,0.06496124236243211,Dual Control
272,272,Dual Control,0.11276025187497166,0.0002529194647260769,0.0002209908743246691,4.012508980557021,5.542745500491916,0.06496124236243211,Dual Control
273,273,Dual Control,0.07332429058643948,0.0003040545917508378,9.214774152778167e-05,3.663646168047359,7.37847682720422,0.06496124236243211,Dual Control
274,274,Dual Control,0.10652308230676404,0.0005233057501684452,0.00025135026515495204,2.4667769975663085,7.775934369158757,0.06496124236243211,Dual Control
275,275,Dual Control,0.14804109621747152,0.0004780989001791185,0.00017401540261032333,1.800583768900886,2.1277700419140313,0.06496124236243211,Dual Control
276,276,Dual Control,0.09180736684181358,0.00018228917531721862,2.9126131505584033e-05,4.582249113978434,8.896363320196613,0.06496124236243211,Dual Control
277,277,Downstream Activation,0.6535254116306418,0.0009965350092215747,0.0009082621004792898,4.711803982200139,2.5093308630524653,0.06496124236243211,Dual Control
278,278,No Control,0.3243285963157156,0.0005561882906667921,6.495298064820279e-05,1.8009494679967704,2.1074016311837993,0.06496124236243211,Dual Control
279,279,Dual Control,0.0808227302733809,0.0004318523566882454,0.00013769573600604714,2.145199734535053,5.790981444694025,0.06496124236243211,Dual Control
280,280,Upstream Repression,0.6742365283531262,0.000498131327978122,0.0008230906110679477,2.916662308210362,7.318812194747774,0.06496124236243211,Dual Control
281,281,Dual Control,0.12707491404338458,0.0002807529368584461,0.00019693203923614697,6.024271371817762,7.173007656898927,0.06496124236243211,Dual Control
282,282,Dual Control,0.09466717576175686,0.00036539330938392613,6.274025443354678e-05,1.490976100643203,6.766726625429198,0.06496124236243211,Dual Control
283,283,Downstream Activation,0.6727169835385065,0.0007489276707554198,0.0005024410385693601,9.10938254097174,0.01588508711702108,0.06496124236243211,Dual Control
284,284,Dual Control,0.07381748044457838,0.00021328469161748057,0.00010166853044315124,4.8582906018635335,8.014037690108609,0.06496124236243211,Dual Control
285,285,Dual Control,0.08669565865874149,0.000390833209658697,2.007782441153812e-05,4.278032377954323,4.717267912885084,0.06496124236243211,Dual Control
286,286,No Control,0.5685788932775369,0.00042798998583247147,0.0006321462833381621,6.363263950623345,4.577769933820287,0.06496124236243211,Dual Control
287,287,Dual Control,0.19383388588328307,0.0003493206108848292,0.0002751264448892184,8.356749963367548,5.985098937620749,0.06496124236243211,Dual Control
288,288,Upstream Repression,0.4836108879180326,1.0689005218114385e-05,0.0006990361992628067,6.5074635756996,5.6100980455493366,0.06496124236243211,Dual Control
289,289,Dual Control,0.2808698140062522,0.0005536885660083386,0.0009191632174849312,5.2936960951411125,8.479593970557678,0.06496124236243211,Dual Control
290,290,Dual Control,0.074927903439208,0.0005093737543469691,0.00016696673248862705,1.2297052449741843,5.362444276657086,0.06496124236243211,Dual Control
291,291,Dual Control,0.09585156772566121,0.0003309647104911426,0.0005105726353797535,1.9771499833095947,7.66001879881737,0.06496124236243211,Dual Control
292,292,Dual Control,0.08483372950364797,0.00024408164442124152,0.0003149472255133109,3.4933445544336736,9.980200955622406,0.06496124236243211,Dual Control
293,293,Downstream Activation,0.2612465902915355,0.0004378490494438908,8.204002787107293e-05,3.8472674659723434,3.3027545770772324,0.06496124236243211,Dual Control
294,294,Dual Control,0.2566275452168118,0.0004131176582880413,0.0008256156733540947,2.942640949746787,2.9779853497248623,0.06496124236243211,Dual Control
295,295,No Control,0.3050877866482151,3.463085422726039e-05,0.0005136607048229447,3.990967629405752,5.249854773526541,0.06496124236243211,Dual Control
296,296,Dual Control,0.13540584136910896,0.00030543779792482727,0.00037571025869426156,3.813861590213453,6.6125708258278895,0.06496124236243211,Dual Control
297,297,Upstream Repression,0.34209267729110465,0.00029265178088554123,0.00036925281975463855,7.1705584752346185,4.549474947585328,0.06496124236243211,Dual Control
298,298,Dual Control,0.09268365781182396,0.00019460523619783786,7.921782304321363e-05,8.759608324026594,6.349081378950681,0.06496124236243211,Dual Control
299,299,Dual Control,0.09916722359867404,0.00044753473746347676,3.381600135757328e-05,2.326849151851569,9.58026799345263,0.06496124236243211,Dual Control
300,300,Dual Control,0.08347445535957247,0.00014682010920440136,0.00011995316825352015,4.109991758132793,3.862195666985868,0.06496124236243211,Dual Control
301,301,Downstream Activation,0.33789654841369854,0.0005200229964346253,0.0004414642515805244,5.966371737408027,7.682999780543579,0.06496124236243211,Dual Control
302,302,Dual Control,0.0741074275625278,0.0002819705529481852,0.00022680876756799078,1.6023494545108568,8.62319880522611,0.06496124236243211,Dual Control
303,303,Dual Control,0.13186361501611443,0.0004927003744217011,0.00015338141111483858,0.631540968772893,7.273368303934919,0.06496124236243211,Dual Control
304,304,Dual Control,0.10168394043684721,0.00037905999790811807,5.041605947474305e-05,5.763117809033208,4.233755337229344,0.06496124236243211,Dual Control
305,305,No Control,0.9278259670557472,0.0008206393548027694,0.0009033442824273701,7.846750720861397,6.628850989756098,0.06496124236243211,Dual Control
306,306,Upstream Repression,0.7263088019981283,0.0007727583935379302,0.0006476218833665406,4.984468624428351,7.994560434888779,0.06496124236243211,Dual Control
307,307,Dual Control,0.2953221920872468,0.000616614573036479,5.971839169885152e-06,2.543864972679392,6.944215043265355,0.06496124236243211,Dual Control
308,308,Dual Control,0.08083083272704653,4.840200512215212e-05,0.00034353656132462624,4.4856651335282605,9.199016996980248,0.06496124236243211,Dual Control
309,309,Dual Control,0.1197948268584291,0.0004670028422749069,0.0002043218468564978,2.832735266740784,6.124964058598204,0.06496124236243211,Dual Control
310,310,Downstream Activation,0.3984113620250018,0.00061494422460765,0.000641098533984678,2.372775677902166,9.159729134794922,0.06496124236243211,Dual Control
311,311,Dual Control,0.08630524301575457,0.0002626912922250855,0.000788252885225445,0.9402981373232897,7.50735830246942,0.06496124236243211,Dual Control
312,312,Dual Control,0.07295931718044733,0.00011117580550080713,0.00024583118061586543,3.180402098450042,7.8772700369461095,0.06496124236243211,Dual Control
313,313,No Control,0.7471403007732409,0.0009314144132783723,0.00046932305282923085,0.6045485005341273,9.983646846719214,0.06496124236243211,Dual Control
314,314,Dual Control,0.24042315635268305,0.0005734314138429887,0.00043367699832452816,5.437438751409944,9.002071859175446,0.06496124236243211,Dual Control
315,315,Upstream Repression,0.4716507982411192,0.0008640872486080616,0.00023169134195166736,1.8898555759810902,1.6155680584461853,0.06496124236243211,Dual Control
316,316,Dual Control,0.13937032620750883,0.00082963617582157,7.119963985158845e-05,5.101212641025389,8.155956765820655,0.06496124236243211,Dual Control
317,317,Dual Control,0.12684270056622537,0.00032426074021394547,9.47690624781404e-05,6.738463191904749,5.670925660815465,0.06496124236243211,Dual Control
318,318,Dual Control,0.09364651377643227,0.00020704602636145171,0.00013237339296507533,7.470195348464813,8.77737439999414,0.06496124236243211,Dual Control
319,319,Downstream Activation,0.25368140698943786,0.0003196221071058799,0.0009142127236926015,7.800873175464385,4.06366062622369,0.06496124236243211,Dual Control
320,320,Dual Control,0.13136989082723813,0.00023334612049875827,0.0002939658544727851,4.787235094038713,5.045013248642778,0.06496124236243211,Dual Control
321,321,Dual Control,0.10607455762878025,0.00016756350269312857,0.0005544465425601396,6.40508845098749,9.999303828715265,0.06496124236243211,Dual Control
322,322,No Control,0.27560539644910664,0.0001765247385504846,0.0003388502591957764,9.389628326571712,4.186076079680377,0.06496124236243211,Dual Control
323,323,Dual Control,0.09458439105124093,0.00040762913066832285,0.00018201753587023732,3.566654848740712,9.402855732267343,0.06496124236243211,Dual Control
324,324,Dual Control,0.2423930000894421,0.00029558201575900333,1.6511354149077826e-05,1.7308120318951787,9.686915525306592,0.06496124236243211,Dual Control
325,325,Upstream Repression,0.47707380401767296,0.0002049891081689711,0.000750579893995776,0.8704909009548993,8.590286429175606,0.06496124236243211,Dual Control
326,326,Dual Control,0.06893681590125483,0.00035770813767464603,0.00011231852952305216,2.1645740056360494,7.124116726584114,0.06496124236243211,Dual Control
327,327,Dual Control,0.12023251817637913,0.00042697198426796195,0.00014492349710085775,3.9307281659788433,6.515122155507946,0.06496124236243211,Dual Control
328,328,Downstream Activation,0.5593640841115793,0.0006736482032740107,0.0007477407301647212,0.08635932227748189,0.6373417638755665,0.06496124236243211,Dual Control
329,329,Dual Control,0.19557220650994908,2.3215096578965678e-05,4.156935201626894e-05,4.300485145744711,6.769234547019442,0.06496124236243211,Dual Control
330,330,Dual Control,0.06836813693569212,0.0006023960811999122,7.546970084020861e-05,2.7058039984031126,8.42687215675651,0.06496124236243211,Dual Control
331,331,No Control,0.24990230209930775,0.0002515140598769099,0.00020421685483364648,0.1062418760090198,3.3259978795087424,0.06496124236243211,Dual Control
332,332,Dual Control,0.08413029090473567,0.00014025550646464346,0.0001887499889128614,3.3834841472978923,4.442189049117282,0.06496124236243211,Dual Control
333,333,Dual Control,0.07852069695713665,0.00033810643262479907,0.0001594428123965324,1.194084886449063,5.2381684978348995,0.06496124236243211,Dual Control
334,334,Upstream Repression,0.32023793886816854,0.0006685136997251244,7.723371103619841e-05,7.5284430603605825,2.5555056927160065,0.06496124236243211,Dual Control
335,335,Dual Control,0.38390263915049033,0.000529293612232521,3.2022095148032803e-06,1.9616262544748464,7.619989447290258,0.06496124236243211,Dual Control
336,336,Dual Control,0.22722610220759443,0.00038889700961886156,0.0004689258229842153,6.035251412175084,4.856347475746261,0.06496124236243211,Dual Control
337,337,Dual Control,0.09696901114761022,9.137653714993654e-05,0.0005856774075899603,1.3925147048512962,6.223944893911088,0.06496124236243211,Dual Control
338,338,Downstream Activation,0.19262459701380655,0.000259088567405544,0.00025657204023775437,9.444961763067504,4.8620765146802665,0.06496124236243211,Dual Control
339,339,Dual Control,0.09312862080617261,0.00026303943091723604,0.00026758155005071073,3.1633048482329658,7.343370721925868,0.06496124236243211,Dual Control
340,340,No Control,0.7868820541365865,0.0007090509101866449,0.000747183899705389,7.319391669791742,2.2631078387243004,0.06496124236243211,Dual Control
341,341,Dual Control,0.09664390480105269,0.00017838502953379046,0.00021682338316617196,4.677727333511523,5.822146558575858,0.06496124236243211,Dual Control
342,342,Dual Control,0.06762666406537565,0.00048407098481245003,9.837076702558813e-05,2.36646447198713,8.233846421976354,0.06496124236243211,Dual Control
343,343,Upstream Repression,0.6713489592096145,0.0004884291725638005,0.0008110258919842875,5.569707624439033,6.610899863848029,0.06496124236243211,Dual Control
344,344,Dual Control,0.20071562891838501,0.0007168281086441425,0.00010102397395265038,0.5010055021911894,9.778018711226766,0.06496124236243211,Dual Control
345,345,Dual Control,0.17699749985211577,0.0004858528871854775,0.00024794618778248127,0.25025896328794905,0.06015070094760411,0.06496124236243211,Dual Control
346,346,Dual Control,0.08993572444236415,0.0006570308860126152,0.00039525702309572497,1.5925642843095353,9.16628642759085,0.06496124236243211,Dual Control
347,347,Dual Control,0.07510385168390915,0.0005050259483381397,0.0001305885950317814,2.450884498802201,8.229345305422088,0.06496124236243211,Dual Control
348,348,Downstream Activation,0.3119271258397235,0.0004755673418829665,0.00038895325059547215,7.20048543762814,7.044917611777354,0.06496124236243211,Dual Control
349,349,Dual Control,0.07958446016610857,0.0007689646059568359,0.00017106952878245807,2.0291086981908784,9.492096327180658,0.06496124236243211,Dual Control
350,350,No Control,0.8266907769044486,0.0009950393216372104,0.0005537221678745198,4.683112576211716,9.460235545303867,0.06496124236243211,Dual Control
351,351,Dual Control,0.10126513306199054,0.0006846165439480883,6.783083254638236e-05,1.1193504430336771,8.923125933020028,0.06496124236243211,Dual Control
352,352,Upstream Repression,0.26888930858502136,0.00010243478080948417,0.0004240488198415629,1.146642649516259,3.9571463228591037,0.06496124236243211,Dual Control
353,353,Dual Control,0.12553372125654544,0.0005519167862573327,0.00033203861039206377,2.6653281630376595,8.564955372919506,0.06496124236243211,Dual Control
354,354,Dual Control,0.17689531698301908,0.0007413553455793892,0.0003120754466066881,2.9465821577349676,7.921497677786709,0.06496124236243211,Dual Control
355,355,Dual Control,0.10937069339511095,0.0004559963547807888,0.00020189472524722186,0.8208988742546759,9.346641065758664,0.06496124236243211,Dual Control
356,356,Downstream Activation,0.5278938054302884,0.0009498675754573641,0.00016213806870071735,0.6646562280941266,6.304688858174473,0.06496124236243211,Dual Control
357,357,Dual Control,0.07114225951152586,0.0005895383497507465,5.215100638032201e-05,2.2606089987939577,9.950931929383419,0.06496124236243211,Dual Control
358,358,Dual Control,0.16248392039689755,0.0005375480847177062,0.0002872287646578739,3.7824112890677872,8.180834353561623,0.06496124236243211,Dual Control
359,359,Dual Control,0.42688396365720116,0.0004421472815279384,0.00023407402998040785,0.10169980711549265,8.77189659804195,0.06496124236243211,Dual Control
360,360,No Control,0.555622779738426,0.0007698337232471769,0.0002763250146665992,1.7765912120142362,8.987691381689745,0.06496124236243211,Dual Control
361,361,Upstream Repression,0.5640840516438872,0.0007267262972243655,0.0009128178897912095,0.11408464063902368,0.8300156336400786,0.06496124236243211,Dual Control
362,362,Dual Control,0.3106668230212585,0.0005187056590760386,0.0009791891279623008,9.851726781612026,8.40361954613996,0.06496124236243211,Dual Control
363,363,Dual Control,0.16817428754833244,0.00048060967263264295,2.9663824782602008e-05,1.4016464112095368,9.809997812808716,0.06496124236243211,Dual Control
364,364,Dual Control,0.07095609079738154,0.00042476070116023794,0.0001078273691967747,1.7955764233733855,9.131932916064983,0.06496124236243211,Dual Control
365,365,Downstream Activation,0.16693577399611298,0.0002090221266612059,0.0008630587853070463,4.143600332845946,8.34032585988086,0.06496124236243211,Dual Control
366,366,Dual Control,0.18115128081929127,0.0005683322006210769,0.0007248356502810599,2.5071462680393064,7.856598029530034,0.06496124236243211,Dual Control
367,367,Dual Control,0.06834088635279355,0.00039294111874942317,0.0001379338813754413,2.2661184549254387,8.70456810679114,0.06496124236243211,Dual Control
368,368,No Control,0.32397896570201856,0.0005160086154426597,9.919985285996479e-05,6.17785233516213,7.019206684862798,0.06496124236243211,Dual Control
369,369,Dual Control,0.48348465026953985,0.00036888530286391125,3.456013290677412e-07,3.074035072938261,7.69084350855371,0.06496124236243211,Dual Control
370,370,Upstream Repression,0.5346656443043906,3.430914308510751e-05,0.0009719165178372056,2.4362729982965186,9.551187513326521,0.06496124236243211,Dual Control
371,371,Dual Control,0.12867521767404985,0.0006212540697532355,8.792182596979408e-05,0.7119243089191887,7.003879996279026,0.06496124236243211,Dual Control
372,372,Dual Control,0.11725322775968573,0.0004123576564341398,0.00026929576288003656,3.595525152776262,9.02164212843978,0.06496124236243211,Dual Control
373,373,Dual Control,0.10527278110614492,0.0006368237534985605,0.0001579158915379149,3.260848125754981,9.6317265058929,0.06496124236243211,Dual Control
374,374,Downstream Activation,0.5052763195027613,0.000728049542495316,0.0005002879463091576,6.432915429009848,1.349733456704008,0.06496124236243211,Dual Control
375,375,Dual Control,0.09644514753731907,0.0004712288545646975,0.0001887083219184035,2.8491885257563343,8.073014890211233,0.06496124236243211,Dual Control
376,376,Dual Control,0.483513284038281,0.0003202514543678975,0.00021301181267165034,0.029993885650420715,7.419990676603921,0.06496124236243211,Dual Control
377,377,No Control,0.7725127232312435,0.0007965464532695228,0.0006371614586585259,5.457800925439593,1.532234413423443,0.06496124236243211,Dual Control
378,378,Dual Control,0.1147265632293463,0.0003505163498936646,4.5314154262890676e-05,1.8188731175333532,9.293264333661186,0.06496124236243211,Dual Control
379,379,Upstream Repression,0.3484697698083208,0.0004122539886073291,0.00028456042032653877,4.327369795041263,3.2360433603074643,0.06496124236243211,Dual Control
380,380,Dual Control,0.21396078782339278,0.0005058420536905356,0.0006586150899502055,4.010870375100769,8.340630713142529,0.06496124236243211,Dual Control
381,381,Dual Control,0.09001489085466664,0.0009157840415363736,0.00011895682616224446,2.0733005159586226,7.132746153671919,0.06496124236243211,Dual Control
382,382,Dual Control,0.13789624266783665,0.00044467355274112097,8.507945770748624e-05,0.9124225068946312,8.57190013773998,0.06496124236243211,Dual Control
383,383,Downstream Activation,0.5175363210299929,0.000819537655708683,0.0007062138059763364,8.475646517921582,5.919259639870364,0.06496124236243211,Dual Control
384,384,Dual Control,0.09091603976572271,0.0003086020280192296,0.0001482626426598036,4.947061993159549,9.975234178634851,0.06496124236243211,Dual Control
385,385,Dual Control,0.29746826600349596,0.0002832644496544032,1.8355609600340404e-05,1.0715958927122533,8.820523902277342,0.06496124236243211,Dual Control
386,386,No Control,0.40340280309922955,7.405492480177942e-05,0.0007046630533580128,8.652643020102065,7.893549342563954,0.06496124236243211,Dual Control
387,387,Dual Control,0.28579104581825115,0.0005504986090124106,0.0005230189508967151,7.161831772140175,7.594016333093212,0.06496124236243211,Dual Control
388,388,Dual Control,0.06757080699026277,0.0003662774263970108,6.120858988095451e-05,2.7072221338308555,6.398587930270919,0.06496124236243211,Dual Control
389,389,Upstream Repression,0.4102225002612243,0.0002181196200627787,0.0005698670658646006,8.945912352176126,5.9575430382742365,0.06496124236243211,Dual Control
390,390,Dual Control,0.09929952072103518,0.00037183777559632964,6.73994604631366e-05,5.649174345605269,6.335492837388628,0.06496124236243211,Dual Control
391,391,Dual Control,0.09056728877799027,0.00024532716991678647,0.00017668778400122256,3.4297710149566454,5.988056362646711,0.06496124236243211,Dual Control
392,392,Dual Control,0.18232259001766077,0.00034493643533127196,0.0007019585495519044,4.149122726733815,6.666632068383558,0.06496124236243211,Dual Control
393,393,Downstream Activation,0.0803966679443088,4.078543453531636e-05,0.0009507214720920639,1.3058849181128611,9.430108381412193,0.06496124236243211,Dual Control
394,394,Dual Control,0.4902783719667475,0.0002897313100000938,1.9847927979175112e-07,5.302444508141705,5.499947259680038,0.06496124236243211,Dual Control
395,395,Dual Control,0.09825547545242284,0.00021538915250128498,0.00012682421073198518,6.228280783503019,6.50551033079547,0.06496124236243211,Dual Control
396,396,No Control,0.40591960341084754,0.0003730375659958503,0.00036963680799584364,9.956918196763908,6.0949359318355825,0.06496124236243211,Dual Control
397,397,Dual Control,0.18978890997886497,0.0004638337934640647,0.000604292900045269,3.678322668129976,7.944344330196806,0.06496124236243211,Dual Control
398,398,Upstream Repression,0.08275147085372975,0.00012283357131521707,5.0604758674363884e-05,6.143691170528056,2.7131161735423306,0.06496124236243211,Dual Control
399,399,Dual Control,0.13190093297320954,0.0003954899427660086,3.055878302334755e-05,1.6179399960548655,6.789079706318832,0.06496124236243211,Dual Control
400,400,Dual Control,0.1624124508718033,0.00032664969845882044,0.0008728969678840953,4.366773645148913,9.545317666002957,0.06496124236243211,Dual Control
401,401,Dual Control,0.07205084080634219,0.0004204324687198976,9.426039909607507e-05,2.668899537979431,6.932804413592251,0.06496124236243211,Dual Control
402,402,Dual Control,0.06839143974977344,0.00037598097944444557,6.0925738137340994e-05,2.453913049238992,6.138147434909598,0.06496124236243211,Dual Control
403,403,Dual Control,0.07609702217794607,0.00040890417137870764,0.00010002221628258677,3.0162329272920525,7.227103654301074,0.06496124236243211,Dual Control
404,404,Dual Control,0.447124831061131,0.0004953379407095326,1.4043244309843041e-06,1.2942926537336885,7.41077725352921,0.06496124236243211,Dual Control
405,405,Dual Control,0.08946352398785772,0.0002707789170466982,4.6479510521337146e-05,2.1847010057033884,6.367983233659679,0.06496124236243211,Dual Control
406,406,Dual Control,0.0694297071168133,0.0004391688685662236,0.00011851780052053227,1.944080370303956,7.0718726110218055,0.06496124236243211,Dual Control
407,407,Dual Control,0.06725493940932821,0.00030449201789251604,7.348391415314965e-05,2.817050956235325,7.754993728971835,0.06496124236243211,Dual Control
408,408,Dual Control,0.06721381170642328,0.00030301744260292674,7.567548969361631e-05,2.80397328169219,7.804161303005812,0.06496124236243211,Dual Control
409,409,Dual Control,0.10313983687455036,0.0003031026631388513,2.4283905259697212e-05,3.3426537275294823,7.754527904038438,0.06496124236243211,Dual Control
410,410,Dual Control,0.06754662062499708,0.00023388907074930348,8.130882573334974e-05,3.143647381640011,8.092622759605204,0.06496124236243211,Dual Control
411,411,Dual Control,0.06829874304768388,0.00019318760664353737,6.096716699319729e-05,3.8184781736875095,7.483853826645234,0.06496124236243211,Dual Control
412,412,Dual Control,0.44884169414451586,0.00012883720567798216,1.2843053534405952e-06,3.033456513533668,6.658920845460891,0.06496124236243211,Dual Control
413,413,Dual Control,0.08222670688777473,0.0001569066414591217,7.822529782002022e-05,2.7720662604111,8.036367108618213,0.06496124236243211,Dual Control
414,414,Dual Control,0.07523168424187142,0.00024172459731515753,0.00015863806524391298,3.3015175040028346,7.779174751741245,0.06496124236243211,Dual Control
415,415,Dual Control,0.06884551772549105,0.00022649320261644367,3.6933059394305155e-05,4.558417158478455,5.6903973817248845,0.06496124236243211,Dual Control
416,416,Dual Control,0.08348747013989834,0.00025562732801898185,0.000136994355459318,4.000625557927757,7.212861943267748,0.06496124236243211,Dual Control
417,417,Dual Control,0.07411171313275584,0.0001793337514971011,0.0001724815069863672,3.484685706219616,7.304208920830878,0.06496124236243211,Dual Control
418,418,Dual Control,0.11342819838834103,0.0002094526990388172,2.1058398230404735e-05,4.22127397679175,7.594860735152189,0.06496124236243211,Dual Control
419,419,Dual Control,0.08391774382694783,0.0002738721502690362,0.00020188659636511481,2.856275914251895,6.888666874090114,0.06496124236243211,Dual Control
420,420,Dual Control,0.08190279619109529,6.970189673063018e-05,7.545469737612496e-05,4.999229116667434,8.427851248285608,0.06496124236243211,Dual Control
421,421,Dual Control,0.09029160225236142,0.00031745489750019954,0.0002259923603826425,3.1629571868141237,8.185046322382396,0.06496124236243211,Dual Control
422,422,Dual Control,0.06752563507520451,0.0002573191671265887,5.147915704748043e-05,3.633017339826584,6.534301399781854,0.06496124236243211,Dual Control
423,423,Dual Control,0.07347670728923816,0.00022843111941195485,0.00013742085604837823,3.611903341891578,7.83953331019637,0.06496124236243211,Dual Control
424,424,Dual Control,0.07859812012230694,0.00019577650648229416,0.00010694199253408167,4.4584464664781995,6.0086252232999815,0.06496124236243211,Dual Control
425,425,Dual Control,0.09564309389797651,0.00011258516719618751,0.0007509914676059923,4.807177560132489,7.493010898857086,0.06496124236243211,Dual Control
426,426,Dual Control,0.13322553506230367,0.00015173785067924584,2.3127538615662502e-05,3.901956341046552,8.663889287497822,0.06496124236243211,Dual Control
427,427,Downstream Activation,0.2877764467549554,0.00039814962073436445,0.0007839013674211849,4.97138145955127,5.366569558774669,0.06496124236243211,Dual Control
428,428,Dual Control,0.09795400337465976,9.465437476352978e-05,4.669502372364131e-05,3.7043439999200904,6.739229580628351,0.06496124236243211,Dual Control
429,429,Dual Control,0.07150230932562632,0.00016561510832799705,0.0001175099173074936,4.208142167597412,6.978544820536242,0.06496124236243211,Dual Control
430,430,No Control,0.687508601453737,0.0003298017370280289,0.0009846112388726621,1.2456939442079475,7.405583833866721,0.06496124236243211,Dual Control
431,431,Dual Control,0.11218991797955755,0.00033319327821500504,0.00018417479738622812,4.586738564289865,8.026106072472839,0.06496124236243211,Dual Control
432,432,Upstream Repression,0.710988894420277,0.000934139271564027,0.0004902086279505374,3.221786844801855,4.277448173673391,0.06496124236243211,Dual Control
433,433,Dual Control,0.08270411826520012,0.0002483150274064177,0.0002490382568990342,2.4542166666111047,6.519907555397957,0.06496124236243211,Dual Control
434,434,Dual Control,0.1021184488639516,0.0002940220322333342,0.000152464570858734,5.160045885439038,8.281054657656242,0.06496124236243211,Dual Control
435,435,Dual Control,0.06967446803534544,0.0002138659091217252,7.832116189520813e-05,3.1768771319039426,8.931778970460206,0.06496124236243211,Dual Control
436,436,Dual Control,0.4582520457974332,9.461327806460033e-07,3.663855107542439e-05,5.830046834437958,5.820634975967851,0.06496124236243211,Dual Control
437,437,Downstream Activation,0.10203445403617138,0.0001288546150489951,6.071953745413695e-05,3.513880657907527,2.2215011980670916,0.06496124236243211,Dual Control
438,438,Dual Control,0.15703935587185483,0.0001220665854766476,1.4976764894895381e-05,5.432627846497043,7.261648657215507,0.06496124236243211,Dual Control
439,439,Dual Control,0.0672979592497911,0.0002733537635199063,8.93134821918518e-05,2.9737267837413643,7.674106695751041,0.06496124236243211,Dual Control
440,440,No Control,0.4242024181055402,0.00047877394885016916,0.0003052181224538099,2.974740533447035,8.449130228607991,0.06496124236243211,Dual Control
441,441,Dual Control,0.0735747613193694,0.00034391861168931814,0.00011016271317730963,3.4386810517449233,8.519806006290194,0.06496124236243211,Dual Control
442,442,Upstream Repression,0.59549802860891,0.0006106326064157965,0.0005387282071579425,9.741017058678963,0.14225192753006066,0.06496124236243211,Dual Control
443,443,Dual Control,0.4704247048142664,0.0002629899480050583,6.480444334039349e-07,2.878679610825391,5.2175581805550495,0.06496124236243211,Dual Control
444,444,Dual Control,0.09779088664089908,0.0003083961728363086,0.0002125509999521912,2.649197184727705,5.493210747087392,0.06496124236243211,Dual Control
445,445,Dual Control,0.08271894172557445,0.0002863904055107622,0.0003572266119412747,2.103364964417769,7.735521138858642,0.06496124236243211,Dual Control
446,446,Dual Control,0.06840916011288475,0.00019490374409872037,5.066570267078626e-05,4.067409002291072,6.289169441150591,0.06496124236243211,Dual Control
447,447,Downstream Activation,0.35403143160233164,0.0005432524122340757,0.00030144334965897114,2.0517591611495654,3.1449975492765585,0.06496124236243211,Dual Control
448,448,Dual Control,0.08787080757147893,0.00017785940896441734,0.00017464096763587631,1.4684374903049524,6.150591492360018,0.06496124236243211,Dual Control
449,449,Dual Control,0.09836696976186783,0.00013687020311792036,0.00013414489003790825,1.8272180315314255,7.482282770180344,0.06496124236243211,Dual Control
450,450,No Control,0.6642600972502272,0.00041513069513073676,0.0008392216160881759,6.581955754748893,2.845192539315168,0.06496124236243211,Dual Control
451,451,Dual Control,0.07389004599053092,0.00027114520874993605,8.98445852306001e-05,3.8502267563938273,6.878161989630659,0.06496124236243211,Dual Control
452,452,Upstream Repression,0.46795390654172037,0.0003058357310494254,0.0006195346439058259,2.062401071797867,1.9813078831535567,0.06496124236243211,Dual Control
453,453,Dual Control,0.07701872567869533,0.0003546918491190325,0.00015422870025257114,2.3062100329728894,6.567010758723601,0.06496124236243211,Dual Control
454,454,Dual Control,0.37577905622619384,0.0003805299857159632,3.2719336687434913e-06,2.578232049287572,4.7879788387719975,0.06496124236243211,Dual Control
455,455,Dual Control,0.08730979761814298,4.104666371804145e-05,0.00023633159439177462,4.405815910237764,7.190240681846076,0.06496124236243211,Dual Control
456,456,Dual Control,0.15547104807505524,0.0002605225768923404,0.00027729713468017876,4.7434833701518375,3.6005778567119684,0.06496124236243211,Dual Control
457,457,Downstream Activation,0.4176264308956415,0.0006368576301010921,0.000533760370303019,2.7922067721625026,4.478414484040053,0.06496124236243211,Dual Control
458,458,Dual Control,0.07875381640853672,0.0003339055347147652,0.00012274997433292737,3.4595690474235443,7.921512672272091,0.06496124236243211,Dual Control
459,459,Dual Control,0.16510000814938697,0.000312078601390605,0.00019247743173421097,3.5979809285146818,2.341004429179816,0.06496124236243211,Dual Control
460,460,No Control,0.5854082272382432,0.0006411399454336972,0.0004437093526299133,2.2390210175636627,5.417661075542778,0.06496124236243211,Dual Control
461,461,Dual Control,0.07172541802846695,0.0002102847433429688,5.9107297239721065e-05,2.9751858747575106,5.910710581505754,0.06496124236243211,Dual Control
462,462,Upstream Repression,0.14494651607787315,4.0791513709304244e-05,0.00019609726516792815,4.723599585654739,7.66858725302519,0.06496124236243211,Dual Control
463,463,Dual Control,0.1278732057428326,0.0002899054023072693,4.107007403584002e-05,1.6955898645139578,7.574410381211056,0.06496124236243211,Dual Control
464,464,Dual Control,0.07254303215159243,0.00039289136292900947,9.182011145786675e-05,2.0567889413102005,5.014094078494742,0.06496124236243211,Dual Control
465,465,Dual Control,0.07134791294034329,8.456858042169601e-05,0.00016474412005737776,5.228597708884198,6.788424155139193,0.06496124236243211,Dual Control
466,466,Dual Control,0.14516174874013374,0.0002305899539938179,1.8143867426370924e-05,3.2864952954118847,7.106910448138098,0.06496124236243211,Dual Control
467,467,Downstream Activation,0.2656025941056345,5.478196116993038e-06,0.0006349545481048513,6.779670387652734,8.719130814107409,0.06496124236243211,Dual Control
468,468,Dual Control,0.4674139390258878,0.00036381181904860375,7.086190133694941e-07,2.5348807947119667,0.597240189475797,0.06496124236243211,Dual Control
469,469,Dual Control,0.09233175282975,0.00016465506987311092,0.00030301480666285934,5.619265438061209,8.67906888034347,0.06496124236243211,Dual Control
470,470,No Control,0.7076114742668345,0.0009460741909585668,0.0003862804166541885,8.356256479264907,0.4359016115997951,0.06496124236243211,Dual Control
471,471,Dual Control,0.09177093356824846,0.0003245511272819737,7.012211147962947e-05,4.075242650391462,4.143112849686985,0.06496124236243211,Dual Control
472,472,Upstream Repression,0.32740476067187535,0.00033833905094867963,0.0004148325896987136,0.6263669515027228,6.97054902806901,0.06496124236243211,Dual Control
473,473,Dual Control,0.07496952310052377,0.00027949334415073565,0.00010699514325080125,2.2145652561553093,4.540095034919904,0.06496124236243211,Dual Control
474,474,Dual Control,0.1214903116403575,0.00034980261127585645,0.0002190249004996764,4.918207668142245,9.07063758540796,0.06496124236243211,Dual Control
475,475,Dual Control,0.2219658793960512,0.0002487832858290996,0.00048034270763478695,4.323656631796415,1.2936469394892405,0.06496124236243211,Dual Control
476,476,Dual Control,0.0815316096396,0.0003056392879611133,0.00014082045836928534,3.7340755000437778,8.31674289687461,0.06496124236243211,Dual Control
477,477,Downstream Activation,0.08921130251573454,9.525677604299055e-05,0.00019618875464655512,0.3535891302696701,6.68039950058319,0.06496124236243211,Dual Control
478,478,Dual Control,0.10898270713959865,0.00018034655765316088,3.4616496514378144e-05,2.9008175658757187,7.332925508023795,0.06496124236243211,Dual Control
479,479,Dual Control,0.07157850656477965,0.00014518111251813598,0.00019961278664631612,3.066641832225995,7.690414187090348,0.06496124236243211,Dual Control
480,480,No Control,0.200296599650893,0.00017913463277666647,0.00018326740124209638,3.8688482067751497,6.312307543259893,0.06496124236243211,Dual Control
481,481,Dual Control,0.08836711536692755,0.0001992970256030703,0.0004289885412288025,1.9146466137653646,5.606988481840862,0.06496124236243211,Dual Control
482,482,Upstream Repression,0.3985103920380208,0.0008221321691094914,0.00010361374289752606,5.287774607729833,4.933969121726817,0.06496124236243211,Dual Control
483,483,Dual Control,0.07933796056704423,0.00022895931189913566,6.167022545858961e-05,2.3676652902018187,6.434181170317496,0.06496124236243211,Dual Control
484,484,Dual Control,0.24858465648732114,0.00040729783768640986,0.0009218377683557848,6.907826984003564,6.960890173721853,0.06496124236243211,Dual Control
485,485,Dual Control,0.08020908733320839,0.00025252425388572674,0.0001145175152586885,1.5990288188873567,6.124325376457316,0.06496124236243211,Dual Control
486,486,Dual Control,0.07377606731396216,0.00038591372649238436,0.0002690100597357051,1.3113232826724546,7.9194065834948,0.06496124236243211,Dual Control
487,487,Downstream Activation,0.1882676525286164,0.00022485170868797672,0.00012632984734198445,7.543743115463174,0.396235073269839,0.06496124236243211,Dual Control
488,488,Dual Control,0.07602518012803673,0.0001061656382280513,0.00025168926139442464,2.7314109510423163,6.664079512508453,0.06496124236243211,Dual Control
489,489,Dual Control,0.10712098787809228,0.00033781411630504684,0.0001734507150189093,4.605760189728157,8.503458561066171,0.06496124236243211,Dual Control
490,490,No Control,0.5818567358400972,0.0008706335650232591,0.00023353024794083504,5.8009240106045885,3.3325589454764737,0.06496124236243211,Dual Control
491,491,Dual Control,0.22298650883438792,0.00043730987579826446,0.0007867774854157963,3.356942299464741,5.390517185751279,0.06496124236243211,Dual Control
492,492,Upstream Repression,0.4924029543974695,0.000747920727283292,0.0002361783883428353,9.318023671426523,6.607709361541749,0.06496124236243211,Dual Control
493,493,Dual Control,0.07591756367448449,6.709955653388079e-05,0.0003761178317864949,3.9610447243809053,8.821915657103435,0.06496124236243211,Dual Control
494,494,Dual Control,0.11323952755972576,0.000302455597814687,0.00014727345385541276,5.921588178703176,8.1114782516205,0.06496124236243211,Dual Control
495,495,Dual Control,0.06747766958865481,0.00021641720072856034,8.386742555502934e-05,3.5903106858588667,7.389351816188031,0.06496124236243211,Dual Control
496,496,Dual Control,0.07012568553114153,0.00011925064497973046,9.406882069203539e-05,4.227032900957644,8.961114868079282,0.06496124236243211,Dual Control
497,497,Downstream Activation,0.1393152649486384,0.00015183790493974411,0.00040518948334028785,8.131578540869526,4.03831179668186,0.06496124236243211,Dual Control
498,498,Dual Control,0.07355490314779098,0.00021341551308166554,0.0003216520537572466,2.564014509352793,9.498091796258521,0.06496124236243211,Dual Control
499,499,Dual Control,0.07315401810966243,0.00017002843890968244,0.00012081429893558741,2.8038294374315953,9.29576985190103,0.06496124236243211,Dual Control
