,Unnamed: 0,index,circuit,loss,r_lac_ol,r_tl_ngl,r_tl_tetR_ngl,r_fl_prime_nml,ki_nml,r_tl_lnml,r_ar2_lnml,rise_time,overshoot,alpha,best_losses,best_loss_circuit
0,0.0,22,Negative Gene Loop,0.0534,,3.8821146839295686e-08,9.815808262041668e-08,,,,,5.34,0.0,0.01,0.0534,Negative Gene Loop
1,1.0,24,Negative Gene Loop,0.0534,,6.082764300127328e-08,8.395570323198465e-08,,,,,5.34,0.0,0.01,0.0534,Negative Gene Loop
2,2.0,27,Negative Gene Loop,0.0534,,5.5994942210990806e-08,8.02972143929562e-08,,,,,5.34,0.0,0.01,0.0534,Negative Gene Loop
3,3.0,29,Negative Gene Loop,0.0534,,3.1708326814618895e-08,9.916897923336866e-08,,,,,5.34,0.0,0.01,0.0534,Negative Gene Loop
4,4.0,33,Negative Gene Loop,0.0534,,5.4739670801778134e-08,8.044362611344145e-08,,,,,5.34,0.0,0.01,0.0534,Negative Gene Loop
5,5.0,49,Negative Gene Loop,0.0534,,9.807743010498385e-08,8.418225322648164e-08,,,,,5.34,0.0,0.01,0.0534,Negative Gene Loop
6,6.0,65,Negative Gene Loop,0.0534,,3.5873460884468323e-08,9.80737520673007e-08,,,,,5.34,0.0,0.01,0.0534,Negative Gene Loop
7,7.0,67,Negative Gene Loop,0.0534,,5.651211511584936e-08,8.095794206659584e-08,,,,,5.34,0.0,0.01,0.0534,Negative Gene Loop
8,8.0,74,Negative Gene Loop,0.0534,,3.0704284646143135e-08,9.51011171763279e-08,,,,,5.34,0.0,0.01,0.0534,Negative Gene Loop
9,9.0,78,Negative Gene Loop,0.0534,,5.3927515057010346e-08,7.852016790317805e-08,,,,,5.34,0.0,0.01,0.0534,Negative Gene Loop
10,10.0,81,Negative Gene Loop,0.0534,,3.67274646599898e-08,8.74859693556148e-08,,,,,5.34,0.0,0.01,0.0534,Negative Gene Loop
11,11.0,83,Negative Gene Loop,0.0534,,8.94824607571649e-08,8.346422045720337e-08,,,,,5.34,0.0,0.01,0.0534,Negative Gene Loop
12,12.0,88,Negative Gene Loop,0.0534,,6.57079725371284e-08,8.831148092083663e-08,,,,,5.34,0.0,0.01,0.0534,Negative Gene Loop
13,13.0,98,Negative Gene Loop,0.0534,,6.267220985158544e-08,7.796535552295291e-08,,,,,5.34,0.0,0.01,0.0534,Negative Gene Loop
14,14.0,25,Negative Gene Loop,0.0707929869225118,,7.088255002969358e-08,7.2459476220971e-08,,,,,5.34,0.0,0.013257113655901,0.0707929869225118,Negative Gene Loop
15,15.0,30,Negative Gene Loop,0.0707929869225118,,8.408911423835705e-08,7.940059851818488e-08,,,,,5.34,0.0,0.013257113655901,0.0707929869225118,Negative Gene Loop
16,16.0,31,Negative Gene Loop,0.0707929869225118,,7.78153726217714e-08,8.473373841804718e-08,,,,,5.34,0.0,0.013257113655901,0.0707929869225118,Negative Gene Loop
17,17.0,40,Negative Gene Loop,0.0707929869225118,,8.10623508624785e-08,8.272311806913334e-08,,,,,5.34,0.0,0.013257113655901,0.0707929869225118,Negative Gene Loop
18,18.0,80,Negative Gene Loop,0.0707929869225118,,9.421654446360185e-08,9.624686907449873e-08,,,,,5.34,0.0,0.013257113655901,0.0707929869225118,Negative Gene Loop
19,19.0,83,Negative Gene Loop,0.0707929869225118,,9.575678703831586e-08,9.93532433397157e-08,,,,,5.34,0.0,0.013257113655901,0.0707929869225118,Negative Gene Loop
20,20.0,86,Negative Gene Loop,0.0707929869225118,,9.965060460146813e-08,9.159052998489653e-08,,,,,5.34,0.0,0.013257113655901,0.0707929869225118,Negative Gene Loop
21,21.0,92,Negative Gene Loop,0.0707929869225118,,9.968978709950437e-08,9.896795518587569e-08,,,,,5.34,0.0,0.013257113655901,0.0707929869225118,Negative Gene Loop
22,22.0,95,Negative Gene Loop,0.0707929869225118,,2.8120126821257053e-08,8.732126654003998e-08,,,,,5.34,0.0,0.013257113655901,0.0707929869225118,Negative Gene Loop
23,23.0,97,Negative Gene Loop,0.0707929869225118,,9.12050269441539e-08,9.23428317235281e-08,,,,,5.34,0.0,0.013257113655901,0.0707929869225118,Negative Gene Loop
24,24.0,25,Negative Gene Loop,0.0938510673672459,,8.293530555764132e-08,9.819211690003224e-08,,,,,5.34,0.0,0.0175751062485479,0.0938510673672459,Negative Gene Loop
25,25.0,26,Negative Gene Loop,0.0938510673672459,,8.708224284019927e-08,9.42553065959149e-08,,,,,5.34,0.0,0.0175751062485479,0.0938510673672459,Negative Gene Loop
26,26.0,31,Negative Gene Loop,0.0938510673672459,,6.544173440431564e-08,8.67467701260747e-08,,,,,5.34,0.0,0.0175751062485479,0.0938510673672459,Negative Gene Loop
27,27.0,32,Negative Gene Loop,0.0938510673672459,,6.4325681767267e-08,8.33518422713165e-08,,,,,5.34,0.0,0.0175751062485479,0.0938510673672459,Negative Gene Loop
28,28.0,38,Negative Gene Loop,0.0938510673672459,,3.5945179602047775e-08,9.022632793632189e-08,,,,,5.34,0.0,0.0175751062485479,0.0938510673672459,Negative Gene Loop
29,29.0,47,Negative Gene Loop,0.0938510673672459,,4.0253856278249686e-08,8.963799918275713e-08,,,,,5.34,0.0,0.0175751062485479,0.0938510673672459,Negative Gene Loop
30,30.0,50,Negative Gene Loop,0.0938510673672459,,5.3591672646168854e-08,8.657568826209682e-08,,,,,5.34,0.0,0.0175751062485479,0.0938510673672459,Negative Gene Loop
31,31.0,56,Negative Gene Loop,0.0938510673672459,,5.3854134315192054e-08,7.285460813732243e-08,,,,,5.34,0.0,0.0175751062485479,0.0938510673672459,Negative Gene Loop
32,32.0,60,Negative Gene Loop,0.0938510673672459,,5.4494728288098383e-08,7.30345774438855e-08,,,,,5.34,0.0,0.0175751062485479,0.0938510673672459,Negative Gene Loop
33,33.0,65,Negative Gene Loop,0.0938510673672459,,5.4824406209710136e-08,7.807729974577559e-08,,,,,5.34,0.0,0.0175751062485479,0.0938510673672459,Negative Gene Loop
34,34.0,77,Negative Gene Loop,0.0938510673672459,,3.5701643675081454e-08,9.031426034625975e-08,,,,,5.34,0.0,0.0175751062485479,0.0938510673672459,Negative Gene Loop
35,35.0,78,Negative Gene Loop,0.0938510673672459,,2.483137313822704e-08,7.643030286691723e-08,,,,,5.34,0.0,0.0175751062485479,0.0938510673672459,Negative Gene Loop
36,36.0,84,Negative Gene Loop,0.0938510673672459,,7.130053094592787e-08,7.8913493879374e-08,,,,,5.34,0.0,0.0175751062485479,0.0938510673672459,Negative Gene Loop
37,37.0,89,Negative Gene Loop,0.0938510673672459,,7.779250345304351e-08,9.583132826272173e-08,,,,,5.34,0.0,0.0175751062485479,0.0938510673672459,Negative Gene Loop
38,38.0,99,Negative Gene Loop,0.0938510673672459,,1.4299517147140089e-08,7.561980805821131e-08,,,,,5.34,0.0,0.0175751062485479,0.0938510673672459,Negative Gene Loop
39,39.0,20,Negative Gene Loop,0.1244194266815208,,3.9314705405432254e-09,9.543288576239449e-08,,,,,5.34,0.0,0.0232995181051537,0.1244194266815208,Negative Gene Loop
40,40.0,32,Negative Gene Loop,0.1244194266815208,,1.665469442536869e-09,8.160643563253212e-08,,,,,5.34,0.0,0.0232995181051537,0.1244194266815208,Negative Gene Loop
41,41.0,48,Negative Gene Loop,0.1244194266815208,,3.674129729228906e-08,9.031016209030521e-08,,,,,5.34,0.0,0.0232995181051537,0.1244194266815208,Negative Gene Loop
42,42.0,62,Negative Gene Loop,0.1244194266815208,,3.146483278960168e-08,9.217633286085199e-08,,,,,5.34,0.0,0.0232995181051537,0.1244194266815208,Negative Gene Loop
43,43.0,66,Negative Gene Loop,0.1244194266815208,,3.1722244827461274e-08,8.998672533334499e-08,,,,,5.34,0.0,0.0232995181051537,0.1244194266815208,Negative Gene Loop
44,44.0,67,Negative Gene Loop,0.1244194266815208,,3.3407976468831985e-08,9.18536130749334e-08,,,,,5.34,0.0,0.0232995181051537,0.1244194266815208,Negative Gene Loop
45,45.0,68,Negative Gene Loop,0.1244194266815208,,5.5242121371246734e-08,9.29646904172608e-08,,,,,5.34,0.0,0.0232995181051537,0.1244194266815208,Negative Gene Loop
46,46.0,73,Negative Gene Loop,0.1244194266815208,,8.447641279524778e-08,9.59507678229874e-08,,,,,5.34,0.0,0.0232995181051537,0.1244194266815208,Negative Gene Loop
47,47.0,76,Negative Gene Loop,0.1244194266815208,,8.118336757873533e-08,9.980956498465936e-08,,,,,5.34,0.0,0.0232995181051537,0.1244194266815208,Negative Gene Loop
48,48.0,81,Negative Gene Loop,0.1244194266815208,,6.517399869638335e-08,9.571458173741216e-08,,,,,5.34,0.0,0.0232995181051537,0.1244194266815208,Negative Gene Loop
49,49.0,99,Negative Gene Loop,0.1244194266815208,,2.7261552051893165e-08,8.757819291963688e-08,,,,,5.34,0.0,0.0232995181051537,0.1244194266815208,Negative Gene Loop
50,50.0,23,Negative Gene Loop,0.1649442480518975,,2.7268609601463874e-08,9.917403552894867e-08,,,,,5.34,0.0,0.0308884359647748,0.1649442480518975,Negative Gene Loop
51,51.0,24,Negative Gene Loop,0.1649442480518975,,2.990727628253216e-08,8.064565443771478e-08,,,,,5.34,0.0,0.0308884359647748,0.1649442480518975,Negative Gene Loop
52,52.0,26,Negative Gene Loop,0.1649442480518975,,3.2188732953289814e-08,7.651897160608328e-08,,,,,5.34,0.0,0.0308884359647748,0.1649442480518975,Negative Gene Loop
53,53.0,63,Negative Gene Loop,0.1649442480518975,,8.275508624645544e-08,7.704604511811785e-08,,,,,5.34,0.0,0.0308884359647748,0.1649442480518975,Negative Gene Loop
54,54.0,65,Negative Gene Loop,0.1649442480518975,,9.498203884428245e-08,7.847036644348934e-08,,,,,5.34,0.0,0.0308884359647748,0.1649442480518975,Negative Gene Loop
55,55.0,72,Negative Gene Loop,0.1649442480518975,,5.2972435708930183e-08,9.993755585149805e-08,,,,,5.34,0.0,0.0308884359647748,0.1649442480518975,Negative Gene Loop
56,56.0,73,Negative Gene Loop,0.1649442480518975,,5.3608041406324526e-08,8.848112667088526e-08,,,,,5.34,0.0,0.0308884359647748,0.1649442480518975,Negative Gene Loop
57,57.0,78,Negative Gene Loop,0.1649442480518975,,7.868763946836824e-08,7.471927286321922e-08,,,,,5.34,0.0,0.0308884359647748,0.1649442480518975,Negative Gene Loop
58,58.0,79,Negative Gene Loop,0.1649442480518975,,5.3952923716238744e-08,8.966693211996935e-08,,,,,5.34,0.0,0.0308884359647748,0.1649442480518975,Negative Gene Loop
59,59.0,23,Negative Gene Loop,0.2186684643311147,,3.265766442152374e-08,9.275390544841669e-08,,,,,5.34,0.0,0.0409491506238042,0.2186684643311147,Negative Gene Loop
60,60.0,31,Negative Gene Loop,0.2186684643311147,,6.816107597872164e-08,7.5213801730411e-08,,,,,5.34,0.0,0.0409491506238042,0.2186684643311147,Negative Gene Loop
61,61.0,33,Negative Gene Loop,0.2186684643311147,,6.982279789845079e-08,9.914351904166026e-08,,,,,5.34,0.0,0.0409491506238042,0.2186684643311147,Negative Gene Loop
62,62.0,36,Negative Gene Loop,0.2186684643311147,,9.972543328554893e-08,9.677397270055872e-08,,,,,5.34,0.0,0.0409491506238042,0.2186684643311147,Negative Gene Loop
63,63.0,39,Negative Gene Loop,0.2186684643311147,,8.406064674404393e-08,9.482802208699289e-08,,,,,5.34,0.0,0.0409491506238042,0.2186684643311147,Negative Gene Loop
64,64.0,58,Negative Gene Loop,0.2186684643311147,,3.2272131552493226e-08,8.925277410137968e-08,,,,,5.34,0.0,0.0409491506238042,0.2186684643311147,Negative Gene Loop
65,65.0,67,Negative Gene Loop,0.2186684643311147,,5.498008132338605e-08,9.039576243522879e-08,,,,,5.34,0.0,0.0409491506238042,0.2186684643311147,Negative Gene Loop
66,66.0,74,Negative Gene Loop,0.2186684643311147,,6.880124314418306e-08,9.953880188472061e-08,,,,,5.34,0.0,0.0409491506238042,0.2186684643311147,Negative Gene Loop
67,67.0,91,Negative Gene Loop,0.2186684643311147,,4.896222687746579e-08,7.239953134965879e-08,,,,,5.34,0.0,0.0409491506238042,0.2186684643311147,Negative Gene Loop
68,68.0,94,Negative Gene Loop,0.2186684643311147,,7.358949146568093e-08,7.482783246563324e-08,,,,,5.34,0.0,0.0409491506238042,0.2186684643311147,Negative Gene Loop
69,69.0,12,Negative Gene Loop,0.2898912684598941,,4.859773714534035e-08,7.525874446514814e-08,,,,,5.34,0.0,0.0542867543932385,0.2898912684598941,Negative Gene Loop
70,70.0,21,Negative Gene Loop,0.2898912684598941,,9.049277690448688e-08,7.403307268907669e-08,,,,,5.34,0.0,0.0542867543932385,0.2898912684598941,Negative Gene Loop
71,71.0,25,Negative Gene Loop,0.2898912684598941,,5.1498444886161963e-08,7.315852923726823e-08,,,,,5.34,0.0,0.0542867543932385,0.2898912684598941,Negative Gene Loop
72,72.0,32,Negative Gene Loop,0.2898912684598941,,4.492393387376045e-08,8.24769316273312e-08,,,,,5.34,0.0,0.0542867543932385,0.2898912684598941,Negative Gene Loop
73,73.0,49,Negative Gene Loop,0.2898912684598941,,4.2523961933786566e-08,8.963621343412306e-08,,,,,5.34,0.0,0.0542867543932385,0.2898912684598941,Negative Gene Loop
74,74.0,58,Negative Gene Loop,0.2898912684598941,,6.985223521068617e-08,9.048707374110084e-08,,,,,5.34,0.0,0.0542867543932385,0.2898912684598941,Negative Gene Loop
75,75.0,70,Negative Gene Loop,0.2898912684598941,,2.62235679628702e-08,8.895045658727585e-08,,,,,5.34,0.0,0.0542867543932385,0.2898912684598941,Negative Gene Loop
76,76.0,20,Negative Gene Loop,0.3843121493826152,,2.930436752477247e-09,9.558867158457821e-08,,,,,5.34,0.0,0.0719685673001152,0.3843121493826152,Negative Gene Loop
77,77.0,22,Negative Gene Loop,0.3843121493826152,,9.074452399981909e-09,9.799820085175885e-08,,,,,5.34,0.0,0.0719685673001152,0.3843121493826152,Negative Gene Loop
78,78.0,24,Negative Gene Loop,0.3843121493826152,,1.7430987739694856e-08,7.857793627662939e-08,,,,,5.34,0.0,0.0719685673001152,0.3843121493826152,Negative Gene Loop
79,79.0,26,Negative Gene Loop,0.3843121493826152,,2.0044116405082166e-08,7.605667076392468e-08,,,,,5.34,0.0,0.0719685673001152,0.3843121493826152,Negative Gene Loop
80,80.0,38,Negative Gene Loop,0.3843121493826152,,5.437903130422384e-10,8.747149118864866e-08,,,,,5.34,0.0,0.0719685673001152,0.3843121493826152,Negative Gene Loop
81,81.0,39,Negative Gene Loop,0.3843121493826152,,1.1176265829325788e-08,8.569960100006918e-08,,,,,5.34,0.0,0.0719685673001152,0.3843121493826152,Negative Gene Loop
82,82.0,51,Negative Gene Loop,0.3843121493826152,,4.152000028413108e-10,8.751693508715456e-08,,,,,5.34,0.0,0.0719685673001152,0.3843121493826152,Negative Gene Loop
83,83.0,52,Negative Gene Loop,0.3843121493826152,,4.323676792141975e-08,8.686777508529759e-08,,,,,5.34,0.0,0.0719685673001152,0.3843121493826152,Negative Gene Loop
84,84.0,62,Negative Gene Loop,0.3843121493826152,,2.181421383049276e-08,7.198954878293064e-08,,,,,5.34,0.0,0.0719685673001152,0.3843121493826152,Negative Gene Loop
85,85.0,67,Negative Gene Loop,0.3843121493826152,,2.185858557861983e-08,7.14402539388618e-08,,,,,5.34,0.0,0.0719685673001152,0.3843121493826152,Negative Gene Loop
86,86.0,70,Negative Gene Loop,0.3843121493826152,,3.1033491022346183e-08,9.220472894802497e-08,,,,,5.34,0.0,0.0719685673001152,0.3843121493826152,Negative Gene Loop
87,87.0,71,Negative Gene Loop,0.3843121493826152,,4.2956727487338045e-08,9.046318692669996e-08,,,,,5.34,0.0,0.0719685673001152,0.3843121493826152,Negative Gene Loop
88,88.0,77,Negative Gene Loop,0.3843121493826152,,4.902605826483092e-08,7.154665334207604e-08,,,,,5.34,0.0,0.0719685673001152,0.3843121493826152,Negative Gene Loop
89,89.0,88,Negative Gene Loop,0.3843121493826152,,1.2592941813286051e-08,7.974493348786538e-08,,,,,5.34,0.0,0.0719685673001152,0.3843121493826152,Negative Gene Loop
90,90.0,93,Negative Gene Loop,0.3843121493826152,,2.6225611350399545e-08,7.367279532237204e-08,,,,,5.34,0.0,0.0719685673001152,0.3843121493826152,Negative Gene Loop
91,91.0,21,Negative Gene Loop,0.5094869843708967,,9.240737387335201e-08,7.336424019605041e-08,,,,,5.34,0.0,0.0954095476349993,0.5094869843708967,Negative Gene Loop
92,92.0,64,Negative Gene Loop,0.5094869843708967,,9.34517506971184e-08,7.753525241220951e-08,,,,,5.34,0.0,0.0954095476349993,0.5094869843708967,Negative Gene Loop
93,93.0,65,Negative Gene Loop,0.5094869843708967,,9.30959938131916e-08,7.738783737977243e-08,,,,,5.34,0.0,0.0954095476349993,0.5094869843708967,Negative Gene Loop
94,94.0,70,Negative Gene Loop,0.5094869843708967,,7.46981941371068e-08,7.819962367762442e-08,,,,,5.34,0.0,0.0954095476349993,0.5094869843708967,Negative Gene Loop
95,95.0,71,Negative Gene Loop,0.5094869843708967,,7.510340920287836e-08,9.313599719978869e-08,,,,,5.34,0.0,0.0954095476349993,0.5094869843708967,Negative Gene Loop
96,96.0,86,Negative Gene Loop,0.5094869843708967,,4.5863712234526496e-08,9.882689834652125e-08,,,,,5.34,0.0,0.0954095476349993,0.5094869843708967,Negative Gene Loop
97,97.0,21,Negative Gene Loop,0.6754326858007279,,2.9611025647374283e-09,9.448677773991196e-08,,,,,5.34,0.0,0.1264855216855295,0.6754326858007279,Negative Gene Loop
98,98.0,27,Negative Gene Loop,0.6754326858007279,,2.1055758280655045e-08,8.59667009904833e-08,,,,,5.34,0.0,0.1264855216855295,0.6754326858007279,Negative Gene Loop
99,99.0,30,Negative Gene Loop,0.6754326858007279,,8.109068779896098e-08,8.506281978670999e-08,,,,,5.34,0.0,0.1264855216855295,0.6754326858007279,Negative Gene Loop
100,100.0,56,Negative Gene Loop,0.6754326858007279,,8.509041356445679e-09,7.851724098124738e-08,,,,,5.34,0.0,0.1264855216855295,0.6754326858007279,Negative Gene Loop
101,101.0,65,Negative Gene Loop,0.6754326858007279,,3.9921988229350695e-08,7.770198353620275e-08,,,,,5.34,0.0,0.1264855216855295,0.6754326858007279,Negative Gene Loop
102,102.0,69,Negative Gene Loop,0.6754326858007279,,6.342698374457434e-08,9.934046673036833e-08,,,,,5.34,0.0,0.1264855216855295,0.6754326858007279,Negative Gene Loop
103,103.0,87,Negative Gene Loop,0.6754326858007279,,5.2688888896765e-08,7.859000792042085e-08,,,,,5.34,0.0,0.1264855216855295,0.6754326858007279,Negative Gene Loop
104,104.0,98,Negative Gene Loop,0.6754326858007279,,2.600018112814848e-09,8.285846638856175e-08,,,,,5.34,0.0,0.1264855216855295,0.6754326858007279,Negative Gene Loop
105,105.0,99,Negative Gene Loop,0.6754326858007279,,7.354184320130083e-08,8.215121074784548e-08,,,,,5.34,0.0,0.1264855216855295,0.6754326858007279,Negative Gene Loop
106,106.0,20,Negative Gene Loop,0.8954287882570784,,6.294495899536932e-08,8.704147548237341e-08,,,,,5.34,0.0,0.1676832936811008,0.8954287882570784,Negative Gene Loop
107,107.0,28,Negative Gene Loop,0.8954287882570784,,7.28548468215218e-08,8.518874171343295e-08,,,,,5.34,0.0,0.1676832936811008,0.8954287882570784,Negative Gene Loop
108,108.0,44,Negative Gene Loop,0.8954287882570784,,6.92323764969696e-08,9.41120832792158e-08,,,,,5.34,0.0,0.1676832936811008,0.8954287882570784,Negative Gene Loop
109,109.0,69,Negative Gene Loop,0.8954287882570784,,5.629370748353674e-08,9.948902580672749e-08,,,,,5.34,0.0,0.1676832936811008,0.8954287882570784,Negative Gene Loop
110,110.0,72,Negative Gene Loop,0.8954287882570784,,6.257240330272794e-08,9.304347126666929e-08,,,,,5.34,0.0,0.1676832936811008,0.8954287882570784,Negative Gene Loop
111,111.0,77,Negative Gene Loop,0.8954287882570784,,6.277536267676583e-08,9.093939596254129e-08,,,,,5.34,0.0,0.1676832936811008,0.8954287882570784,Negative Gene Loop
112,112.0,88,Negative Gene Loop,0.8954287882570784,,5.7986348965229724e-08,7.52826851470853e-08,,,,,5.34,0.0,0.1676832936811008,0.8954287882570784,Negative Gene Loop
113,113.0,22,Negative Gene Loop,1.1870801216689877,,2.1991795043701663e-08,9.759155124987265e-08,,,,,5.34,0.0,0.2222996482526194,1.1870801216689877,Negative Gene Loop
114,114.0,28,Negative Gene Loop,1.1870801216689877,,4.2250299874727395e-08,9.074925922074057e-08,,,,,5.34,0.0,0.2222996482526194,1.1870801216689877,Negative Gene Loop
115,115.0,37,Negative Gene Loop,1.1870801216689877,,9.66698000543677e-10,8.96131454869268e-08,,,,,5.34,0.0,0.2222996482526194,1.1870801216689877,Negative Gene Loop
116,116.0,45,Negative Gene Loop,1.1870801216689877,,4.962485835390456e-09,8.989608618949397e-08,,,,,5.34,0.0,0.2222996482526194,1.1870801216689877,Negative Gene Loop
117,117.0,51,Negative Gene Loop,1.1870801216689877,,9.432815672445672e-09,8.5626704358417e-08,,,,,5.34,0.0,0.2222996482526194,1.1870801216689877,Negative Gene Loop
118,118.0,59,Negative Gene Loop,1.1870801216689877,,2.5207806916041162e-08,9.711778559271564e-08,,,,,5.34,0.0,0.2222996482526194,1.1870801216689877,Negative Gene Loop
119,119.0,67,Negative Gene Loop,1.1870801216689877,,1.0633926316302942e-08,8.472449008387385e-08,,,,,5.34,0.0,0.2222996482526194,1.1870801216689877,Negative Gene Loop
120,120.0,68,Negative Gene Loop,1.1870801216689877,,1.1020033928149854e-08,8.275441919973076e-08,,,,,5.34,0.0,0.2222996482526194,1.1870801216689877,Negative Gene Loop
121,121.0,76,Negative Gene Loop,1.1870801216689877,,2.14959621401996e-08,9.621423187204058e-08,,,,,5.34,0.0,0.2222996482526194,1.1870801216689877,Negative Gene Loop
122,122.0,78,Negative Gene Loop,1.1870801216689877,,1.8988680461625203e-08,8.703284842008136e-08,,,,,5.34,0.0,0.2222996482526194,1.1870801216689877,Negative Gene Loop
123,123.0,93,Negative Gene Loop,1.1870801216689877,,3.31558302446715e-08,9.978360902816905e-08,,,,,5.34,0.0,0.2222996482526194,1.1870801216689877,Negative Gene Loop
124,124.0,24,Negative Gene Loop,1.573725609162666,,3.807943922019133e-08,7.190956877991446e-08,,,,,5.34,0.0,0.2947051702551809,1.573725609162666,Negative Gene Loop
125,125.0,52,Negative Gene Loop,1.573725609162666,,9.04145415115221e-08,8.278285371773737e-08,,,,,5.34,0.0,0.2947051702551809,1.573725609162666,Negative Gene Loop
126,126.0,60,Negative Gene Loop,1.573725609162666,,7.299699933618257e-08,8.581318572198638e-08,,,,,5.34,0.0,0.2947051702551809,1.573725609162666,Negative Gene Loop
127,127.0,66,Negative Gene Loop,1.573725609162666,,9.905033758073497e-08,7.744188476054007e-08,,,,,5.34,0.0,0.2947051702551809,1.573725609162666,Negative Gene Loop
128,128.0,71,Negative Gene Loop,1.573725609162666,,6.000537679049661e-08,9.949864541718673e-08,,,,,5.34,0.0,0.2947051702551809,1.573725609162666,Negative Gene Loop
129,129.0,79,Negative Gene Loop,1.573725609162666,,7.2439165294012e-08,9.992095903316413e-08,,,,,5.34,0.0,0.2947051702551809,1.573725609162666,Negative Gene Loop
130,130.0,92,Negative Gene Loop,1.573725609162666,,9.682833308569517e-08,7.598644306880419e-08,,,,,5.34,0.0,0.2947051702551809,1.573725609162666,Negative Gene Loop
131,131.0,8,Negative Gene Loop,2.086305926387165,,4.5838527371312016e-08,8.222861533764744e-08,,,,,5.34,0.0,0.3906939937054617,2.086305926387165,Negative Gene Loop
132,132.0,24,Negative Gene Loop,2.086305926387165,,5.552119241302753e-08,9.923149383731566e-08,,,,,5.34,0.0,0.3906939937054617,2.086305926387165,Negative Gene Loop
133,133.0,27,Negative Gene Loop,2.086305926387165,,3.003135481424798e-08,8.503489997414567e-08,,,,,5.34,0.0,0.3906939937054617,2.086305926387165,Negative Gene Loop
134,134.0,57,Negative Gene Loop,2.086305926387165,,3.836309892467856e-08,7.341489796288058e-08,,,,,5.34,0.0,0.3906939937054617,2.086305926387165,Negative Gene Loop
135,135.0,65,Negative Gene Loop,2.086305926387165,,4.729535953185305e-08,8.011900415634635e-08,,,,,5.34,0.0,0.3906939937054617,2.086305926387165,Negative Gene Loop
136,136.0,73,Negative Gene Loop,2.086305926387165,,5.004979993986597e-08,8.654162445840709e-08,,,,,5.34,0.0,0.3906939937054617,2.086305926387165,Negative Gene Loop
137,137.0,76,Negative Gene Loop,2.086305926387165,,2.610308744502789e-08,7.504630252178433e-08,,,,,5.34,0.0,0.3906939937054617,2.086305926387165,Negative Gene Loop
138,138.0,91,Negative Gene Loop,2.086305926387165,,8.714548192038915e-08,7.982616924748973e-08,,,,,5.34,0.0,0.3906939937054617,2.086305926387165,Negative Gene Loop
139,139.0,18,Negative Gene Loop,2.765839478709466,,8.356814460239276e-08,8.856987111289206e-08,,,,,5.34,0.0,0.517947467923121,2.765839478709466,Negative Gene Loop
140,140.0,20,Negative Gene Loop,2.765839478709466,,4.1968091257847035e-08,9.810622755124501e-08,,,,,5.34,0.0,0.517947467923121,2.765839478709466,Negative Gene Loop
141,141.0,23,Negative Gene Loop,2.765839478709466,,5.5805985496459214e-08,8.198344910652065e-08,,,,,5.34,0.0,0.517947467923121,2.765839478709466,Negative Gene Loop
142,142.0,26,Negative Gene Loop,2.765839478709466,,5.932630991722816e-08,7.688345907884079e-08,,,,,5.34,0.0,0.517947467923121,2.765839478709466,Negative Gene Loop
143,143.0,32,Negative Gene Loop,2.765839478709466,,9.607302191879793e-08,9.062178832922719e-08,,,,,5.34,0.0,0.517947467923121,2.765839478709466,Negative Gene Loop
144,144.0,34,Negative Gene Loop,2.765839478709466,,3.3937703351569333e-08,9.864935313458809e-08,,,,,5.34,0.0,0.517947467923121,2.765839478709466,Negative Gene Loop
145,145.0,50,Negative Gene Loop,2.765839478709466,,9.895092894075084e-08,7.820168839013945e-08,,,,,5.34,0.0,0.517947467923121,2.765839478709466,Negative Gene Loop
146,146.0,52,Negative Gene Loop,2.765839478709466,,9.95017466591738e-08,7.4259799018428e-08,,,,,5.34,0.0,0.517947467923121,2.765839478709466,Negative Gene Loop
147,147.0,68,Negative Gene Loop,2.765839478709466,,7.742703191670625e-08,8.792683309361004e-08,,,,,5.34,0.0,0.517947467923121,2.765839478709466,Negative Gene Loop
148,148.0,74,Negative Gene Loop,2.765839478709466,,2.7980942838000577e-08,8.417675012284228e-08,,,,,5.34,0.0,0.517947467923121,2.765839478709466,Negative Gene Loop
149,149.0,80,Negative Gene Loop,2.765839478709466,,7.530059791064618e-08,8.64548516076587e-08,,,,,5.34,0.0,0.517947467923121,2.765839478709466,Negative Gene Loop
150,150.0,2,Negative Gene Loop,3.666704832322963,,6.14684315502516e-08,8.013102716718855e-08,,,,,5.34,0.0,0.6866488450043002,3.666704832322963,Negative Gene Loop
151,151.0,11,Negative Gene Loop,3.666704832322963,,9.492315343098889e-08,9.954984991573335e-08,,,,,5.34,0.0,0.6866488450043002,3.666704832322963,Negative Gene Loop
152,152.0,22,Negative Gene Loop,3.666704832322963,,2.5915064907760486e-08,7.517186445950799e-08,,,,,5.34,0.0,0.6866488450043002,3.666704832322963,Negative Gene Loop
153,153.0,25,Negative Gene Loop,3.666704832322963,,2.8809937878554674e-08,7.374353336764806e-08,,,,,5.34,0.0,0.6866488450043002,3.666704832322963,Negative Gene Loop
154,154.0,49,Negative Gene Loop,3.666704832322963,,4.781636921768489e-08,8.597777822084746e-08,,,,,5.34,0.0,0.6866488450043002,3.666704832322963,Negative Gene Loop
155,155.0,66,Negative Gene Loop,3.666704832322963,,2.0875042469422824e-08,7.912454402644127e-08,,,,,5.34,0.0,0.6866488450043002,3.666704832322963,Negative Gene Loop
156,156.0,67,Negative Gene Loop,3.666704832322963,,4.878530234416039e-08,8.271661435694343e-08,,,,,5.34,0.0,0.6866488450043002,3.666704832322963,Negative Gene Loop
157,157.0,69,Negative Gene Loop,3.666704832322963,,6.143414323074474e-08,9.278749954254901e-08,,,,,5.34,0.0,0.6866488450043002,3.666704832322963,Negative Gene Loop
158,158.0,70,Negative Gene Loop,3.666704832322963,,6.32314037726918e-08,9.31544685062782e-08,,,,,5.34,0.0,0.6866488450043002,3.666704832322963,Negative Gene Loop
159,159.0,71,Negative Gene Loop,3.666704832322963,,8.319278996917564e-08,9.224231477871373e-08,,,,,5.34,0.0,0.6866488450043002,3.666704832322963,Negative Gene Loop
160,160.0,75,Negative Gene Loop,3.666704832322963,,8.53345332862289e-08,9.664261735710173e-08,,,,,5.34,0.0,0.6866488450043002,3.666704832322963,Negative Gene Loop
161,161.0,89,Negative Gene Loop,3.666704832322963,,9.256079848281624e-08,7.53441244912672e-08,,,,,5.34,0.0,0.6866488450043002,3.666704832322963,Negative Gene Loop
162,162.0,90,Negative Gene Loop,3.666704832322963,,8.94727136264506e-08,7.888838651222398e-08,,,,,5.34,0.0,0.6866488450043002,3.666704832322963,Negative Gene Loop
163,163.0,99,Negative Gene Loop,3.666704832322963,,6.793143803015797e-08,9.029319516836359e-08,,,,,5.34,0.0,0.6866488450043002,3.666704832322963,Negative Gene Loop
164,164.0,5,Negative Gene Loop,4.860992270474727,,2.4274544207678755e-08,9.246954830246966e-08,,,,,5.34,0.0,0.9102981779915218,4.860992270474727,Negative Gene Loop
165,165.0,20,Negative Gene Loop,4.860992270474727,,1.2377521417047287e-09,9.323832543072605e-08,,,,,5.34,0.0,0.9102981779915218,4.860992270474727,Negative Gene Loop
166,166.0,24,Negative Gene Loop,4.860992270474727,,1.7290153155929432e-08,8.031918883568117e-08,,,,,5.34,0.0,0.9102981779915218,4.860992270474727,Negative Gene Loop
167,167.0,33,Negative Gene Loop,4.860992270474727,,1.335756578099437e-08,7.108126538913671e-08,,,,,5.34,0.0,0.9102981779915218,4.860992270474727,Negative Gene Loop
168,168.0,38,Negative Gene Loop,4.860992270474727,,3.973565773881579e-09,7.200243873622002e-08,,,,,5.34,0.0,0.9102981779915218,4.860992270474727,Negative Gene Loop
169,169.0,53,Negative Gene Loop,4.860992270474727,,2.9017180080913973e-08,9.34240342774863e-08,,,,,5.34,0.0,0.9102981779915218,4.860992270474727,Negative Gene Loop
170,170.0,65,Negative Gene Loop,4.860992270474727,,2.655405031537392e-08,9.511818551268109e-08,,,,,5.34,0.0,0.9102981779915218,4.860992270474727,Negative Gene Loop
171,171.0,73,Negative Gene Loop,4.860992270474727,,2.080749439956041e-08,8.043065577940104e-08,,,,,5.34,0.0,0.9102981779915218,4.860992270474727,Negative Gene Loop
172,172.0,90,Negative Gene Loop,4.860992270474727,,4.9766645583056526e-08,9.133927941903372e-08,,,,,5.34,0.0,0.9102981779915218,4.860992270474727,Negative Gene Loop
173,173.0,20,Negative Gene Loop,6.444272701014016,,3.3613168540652433e-08,9.153674669342609e-08,,,,,5.34,0.0,1.2067926406393288,6.444272701014016,Negative Gene Loop
174,174.0,33,Negative Gene Loop,6.444272701014016,,4.299399034976124e-08,8.360418373130761e-08,,,,,5.34,0.0,1.2067926406393288,6.444272701014016,Negative Gene Loop
175,175.0,34,Negative Gene Loop,6.444272701014016,,4.062430525708496e-08,8.910202787315898e-08,,,,,5.34,0.0,1.2067926406393288,6.444272701014016,Negative Gene Loop
176,176.0,36,Negative Gene Loop,6.444272701014016,,1.8899343796537584e-08,8.896296979015563e-08,,,,,5.34,0.0,1.2067926406393288,6.444272701014016,Negative Gene Loop
177,177.0,42,Negative Gene Loop,6.444272701014016,,1.4830884123621846e-08,9.242505028443041e-08,,,,,5.34,0.0,1.2067926406393288,6.444272701014016,Negative Gene Loop
178,178.0,70,Negative Gene Loop,6.444272701014016,,5.852194429096941e-09,9.620597418143601e-08,,,,,5.34,0.0,1.2067926406393288,6.444272701014016,Negative Gene Loop
179,179.0,73,Negative Gene Loop,6.444272701014016,,4.675218491783399e-09,9.419054699553207e-08,,,,,5.34,0.0,1.2067926406393288,6.444272701014016,Negative Gene Loop
180,180.0,74,Negative Gene Loop,6.444272701014016,,1.2673587324056253e-08,7.551198797692022e-08,,,,,5.34,0.0,1.2067926406393288,6.444272701014016,Negative Gene Loop
181,181.0,81,Negative Gene Loop,6.444272701014016,,6.29787861655106e-08,8.495860988211447e-08,,,,,5.34,0.0,1.2067926406393288,6.444272701014016,Negative Gene Loop
182,182.0,87,Negative Gene Loop,6.444272701014016,,6.32090670649519e-08,7.69978110662574e-08,,,,,5.34,0.0,1.2067926406393288,6.444272701014016,Negative Gene Loop
183,183.0,88,Negative Gene Loop,6.444272701014016,,5.4754322611306476e-08,7.942781394149456e-08,,,,,5.34,0.0,1.2067926406393288,6.444272701014016,Negative Gene Loop
184,184.0,20,Negative Gene Loop,8.543245562696347,,4.383587435263888e-08,9.79670952137413e-08,,,,,5.34,0.0,1.5998587196060574,8.543245562696347,Negative Gene Loop
185,185.0,24,Negative Gene Loop,8.543245562696347,,9.509794066380633e-08,9.914920154792013e-08,,,,,5.34,0.0,1.5998587196060574,8.543245562696347,Negative Gene Loop
186,186.0,25,Negative Gene Loop,8.543245562696347,,9.97188318904689e-08,9.750546271087545e-08,,,,,5.34,0.0,1.5998587196060574,8.543245562696347,Negative Gene Loop
187,187.0,30,Negative Gene Loop,8.543245562696347,,8.15101878121528e-08,9.865468981153872e-08,,,,,5.34,0.0,1.5998587196060574,8.543245562696347,Negative Gene Loop
188,188.0,68,Negative Gene Loop,8.543245562696347,,7.855328626800638e-08,7.929366454791604e-08,,,,,5.34,0.0,1.5998587196060574,8.543245562696347,Negative Gene Loop
189,189.0,3,Negative Gene Loop,11.325877741493816,,7.414348068576777e-08,9.746693860855129e-08,,,,,5.34,0.0,2.1209508879201904,11.325877741493816,Negative Gene Loop
190,190.0,15,Negative Gene Loop,11.325877741493816,,1.008015790464347e-09,8.522653430419694e-08,,,,,5.34,0.0,2.1209508879201904,11.325877741493816,Negative Gene Loop
191,191.0,22,Negative Gene Loop,11.325877741493816,,3.4616397474954986e-08,9.862515855334013e-08,,,,,5.34,0.0,2.1209508879201904,11.325877741493816,Negative Gene Loop
192,192.0,27,Negative Gene Loop,11.325877741493816,,9.139395704850835e-08,9.972511538276439e-08,,,,,5.34,0.0,2.1209508879201904,11.325877741493816,Negative Gene Loop
193,193.0,40,Negative Gene Loop,11.325877741493816,,2.3989418398116412e-08,9.195544075827537e-08,,,,,5.34,0.0,2.1209508879201904,11.325877741493816,Negative Gene Loop
194,194.0,62,Negative Gene Loop,11.325877741493816,,6.588337907030427e-08,7.393001088825453e-08,,,,,5.34,0.0,2.1209508879201904,11.325877741493816,Negative Gene Loop
195,195.0,72,Negative Gene Loop,11.325877741493816,,5.3394844699252696e-08,7.179672155022536e-08,,,,,5.34,0.0,2.1209508879201904,11.325877741493816,Negative Gene Loop
196,196.0,85,Negative Gene Loop,11.325877741493816,,7.726726438747901e-08,7.759080229577483e-08,,,,,5.34,0.0,2.1209508879201904,11.325877741493816,Negative Gene Loop
197,197.0,95,Negative Gene Loop,11.325877741493816,,5.286522019332208e-08,7.132883491347999e-08,,,,,5.34,0.0,2.1209508879201904,11.325877741493816,Negative Gene Loop
198,198.0,97,Negative Gene Loop,11.325877741493816,,7.68410785477626e-08,8.806672201541784e-08,,,,,5.34,0.0,2.1209508879201904,11.325877741493816,Negative Gene Loop
199,199.0,98,Negative Gene Loop,11.325877741493816,,9.433661725278725e-08,8.245534806505508e-08,,,,,5.34,0.0,2.1209508879201904,11.325877741493816,Negative Gene Loop
200,200.0,21,Negative Gene Loop,15.014844847182392,,6.629435098884836e-08,9.919194875658772e-08,,,,,5.34,0.0,2.8117686979742307,15.014844847182392,Negative Gene Loop
201,201.0,22,Negative Gene Loop,15.014844847182392,,6.221781525698838e-08,9.487006562983477e-08,,,,,5.34,0.0,2.8117686979742307,15.014844847182392,Negative Gene Loop
202,202.0,23,Negative Gene Loop,15.014844847182392,,6.068251104632819e-08,9.946554233433741e-08,,,,,5.34,0.0,2.8117686979742307,15.014844847182392,Negative Gene Loop
203,203.0,67,Negative Gene Loop,15.014844847182392,,5.43752612179167e-08,9.412629934350105e-08,,,,,5.34,0.0,2.8117686979742307,15.014844847182392,Negative Gene Loop
204,204.0,71,Negative Gene Loop,15.014844847182392,,1.6076212324752186e-08,9.522285558835e-08,,,,,5.34,0.0,2.8117686979742307,15.014844847182392,Negative Gene Loop
205,205.0,86,Negative Gene Loop,15.014844847182392,,3.4685228253063166e-08,9.397168337715746e-08,,,,,5.34,0.0,2.8117686979742307,15.014844847182392,Negative Gene Loop
206,206.0,88,Negative Gene Loop,15.014844847182392,,8.277932279222566e-08,8.632593351846292e-08,,,,,5.34,0.0,2.8117686979742307,15.014844847182392,Negative Gene Loop
207,207.0,90,Negative Gene Loop,15.014844847182392,,5.348171582248262e-08,7.237116275270942e-08,,,,,5.34,0.0,2.8117686979742307,15.014844847182392,Negative Gene Loop
208,208.0,94,Negative Gene Loop,15.014844847182392,,8.011811416185499e-08,7.284163557244761e-08,,,,,5.34,0.0,2.8117686979742307,15.014844847182392,Negative Gene Loop
209,209.0,99,Negative Gene Loop,15.014844847182392,,8.062310639291608e-08,7.251809440217864e-08,,,,,5.34,0.0,2.8117686979742307,15.014844847182392,Negative Gene Loop
210,210.0,21,Negative Gene Loop,19.905350466481767,,9.904415690295199e-08,9.9713611121894e-08,,,,,5.34,0.0,3.727593720314938,19.905350466481767,Negative Gene Loop
211,211.0,25,Negative Gene Loop,19.905350466481767,,3.928609811066584e-09,9.946412430749539e-08,,,,,5.34,0.0,3.727593720314938,19.905350466481767,Negative Gene Loop
212,212.0,37,Negative Gene Loop,19.905350466481767,,4.96284346188356e-08,9.8538763549753e-08,,,,,5.34,0.0,3.727593720314938,19.905350466481767,Negative Gene Loop
213,213.0,66,Negative Gene Loop,19.905350466481767,,9.213805991545979e-08,8.623281192472297e-08,,,,,5.34,0.0,3.727593720314938,19.905350466481767,Negative Gene Loop
214,214.0,76,Negative Gene Loop,19.905350466481767,,2.647472688923028e-08,9.925224377514577e-08,,,,,5.34,0.0,3.727593720314938,19.905350466481767,Negative Gene Loop
215,215.0,83,Negative Gene Loop,19.905350466481767,,3.9649450537414093e-08,7.121592750936131e-08,,,,,5.34,0.0,3.727593720314938,19.905350466481767,Negative Gene Loop
216,216.0,96,Negative Gene Loop,19.905350466481767,,5.823034854878317e-08,7.864643843796384e-08,,,,,5.34,0.0,3.727593720314938,19.905350466481767,Negative Gene Loop
217,217.0,11,Negative Metabolic Loop,25.58589101155095,,,,2.2031699549972164e-09,0.0576077835597095,,,3.41,8.734648449436682,4.941713361323833,25.58589101155095,Negative Metabolic Loop
218,218.0,70,Negative Metabolic Loop,30.90597180792939,,,,6.313557827810905e-09,0.1001009278226172,,,3.09,10.662499400969269,6.551285568595509,30.90597180792939,Negative Metabolic Loop
219,219.0,65,Negative Metabolic Loop,37.08023275327329,,,,1.537840076271774e-08,0.1047895078392049,,,2.64,14.151532486237604,8.68511373751352,37.08023275327329,Negative Metabolic Loop
220,220.0,24,Negative Metabolic Loop,44.081079733591,,,,3.5916965145676705e-08,0.1172728569669145,,,2.32,17.36870646921743,11.513953993264469,44.081079733591,Negative Metabolic Loop
221,221.0,51,Negative Metabolic Loop,52.1451987377114,,,,7.278324685505107e-08,0.0873716530009201,,,1.98,21.922122987641767,15.264179671752334,52.1451987377114,Negative Metabolic Loop
222,222.0,31,Negative Metabolic Loop,61.45397655465197,,,,3.0790084428700944e-08,0.0173821575259028,,,1.78,25.43408082514417,20.235896477251572,61.45397655465197,Negative Metabolic Loop
223,223.0,77,Negative Metabolic Loop,72.1602288431063,,,,5.3267589152697424e-08,0.0112903002824849,,,1.5699999999999998,30.04190485721461,26.826957952797247,72.1602288431063,Negative Metabolic Loop
224,224.0,22,Negative Metabolic Loop,84.57433023925455,,,,3.991769838261489e-08,0.0016828272674096,,,1.32,37.62879019710925,35.564803062231285,84.57433023925455,Negative Metabolic Loop
225,225.0,69,Negative Metabolic Loop,99.29473313101964,,,,2.2769809385686483e-08,0.0005335848266359,,,1.25,40.358903587802224,47.14866363457394,99.29473313101964,Negative Metabolic Loop
226,226.0,68,Negative Metabolic Loop,116.51484230382164,,,,9.433494633291725e-08,0.0002511890866196,,,1.06,50.25899189591755,62.505519252739695,116.51484230382164,Negative Metabolic Loop
227,227.0,67,Negative Metabolic Loop,137.16585043443084,,,,9.2313588099605e-08,8.15811134070657e-05,,,0.99,55.1302159218171,82.86427728546842,137.16585043443084,Negative Metabolic Loop
228,228.0,57,Negative Metabolic Loop,164.80674547149755,,,,7.39188464155548e-08,0.0001121135679325,,,1.02,52.75554898876671,109.85411419875572,164.80674547149755,Negative Metabolic Loop
229,229.0,76,Negative Metabolic Loop,189.5751083309257,,,,6.804282580585748e-08,5.613397700807198e-07,,,0.79,74.5235786083274,145.63484775012444,189.5751083309257,Negative Metabolic Loop
230,230.0,68,Negative Metabolic Loop,239.2226137662223,,,,6.686642672536473e-08,2.0593612449149214e-05,,,0.93,59.667724980080095,193.06977288832496,239.2226137662223,Negative Metabolic Loop
231,231.0,96,Negative Metabolic Loop,335.5312529887451,,,,5.935003671747689e-08,0.0003808277873951,,,1.13,46.30233772369792,255.9547922699533,335.5312529887451,Negative Metabolic Loop
232,232.0,65,Layered Negative Metabolic Loop,465.4880479007121,,,,,,4.658172721321688e-08,1.5623859080888732e-09,0.72,221.17608032424835,339.32217718953297,465.4880479007121,Layered Negative Metabolic Loop
233,233.0,25,Layered Negative Metabolic Loop,546.8661723925106,,,,,,3.258632190872643e-08,2.4232940484841087e-09,0.6,276.960212254344,449.8432668969444,546.8661723925106,Layered Negative Metabolic Loop
234,234.0,89,Layered Negative Metabolic Loop,606.998373460504,,,,,,8.828698198707904e-08,3.422812503514843e-09,0.51,302.8535843141776,596.3623316594636,606.998373460504,Layered Negative Metabolic Loop
235,235.0,87,Layered Negative Metabolic Loop,704.7880424441626,,,,,,9.721278445861329e-08,3.658419324619362e-09,0.5,309.48588189877745,790.6043210907702,704.7880424441626,Layered Negative Metabolic Loop
236,236.0,21,Layered Negative Metabolic Loop,809.9663304520652,,,,,,8.252147186622494e-08,7.436984083340407e-09,0.37,422.1644708148317,1048.1131341546852,809.9663304520652,Layered Negative Metabolic Loop
237,237.0,46,Layered Negative Metabolic Loop,931.1188366029857,,,,,,3.312353944875449e-09,9.653018553889625e-08,0.3399999999999999,458.6903685161194,1389.495494373136,931.1188366029857,Layered Negative Metabolic Loop
238,238.0,37,Layered Negative Metabolic Loop,1054.4735658374898,,,,,,9.95420097358425e-08,1.19830557271955e-08,0.3,501.8525750394749,1842.0699693267163,1054.4735658374898,Layered Negative Metabolic Loop
239,239.0,92,Layered Negative Metabolic Loop,1212.221885464899,,,,,,9.080911127638237e-08,3.124287422509662e-08,0.22,674.9702046641962,2442.05309454865,1212.221885464899,Layered Negative Metabolic Loop
240,240.0,24,Layered Negative Metabolic Loop,1381.6259660038263,,,,,,3.832971732671879e-08,9.681117993849005e-08,0.19,766.5090328684748,3237.45754281764,1381.6259660038263,Layered Negative Metabolic Loop
241,241.0,81,Layered Negative Metabolic Loop,1570.6494915631697,,,,,,9.83538349435238e-08,7.585044756335542e-08,0.1699999999999999,841.0206673412775,4291.934260128778,1570.6494915631697,Layered Negative Metabolic Loop
242,242.0,25,Layered Negative Metabolic Loop,1798.3375018585507,,,,,,9.937876924497297e-08,9.875547671883953e-08,0.16,887.9589372156237,5689.866029018293,1798.3375018585507,Layered Negative Metabolic Loop
243,243.0,92,Layered Negative Metabolic Loop,2087.398469969069,,,,,,9.661877775360996e-08,9.634075845955134e-08,0.16,880.4992598323316,7543.120063354608,2087.398469969069,Layered Negative Metabolic Loop
244,244.0,74,Layered Negative Metabolic Loop,2481.5356418642277,,,,,,9.993215350533584e-08,9.478941687320349e-08,0.16,881.5356418642273,10000.0,2481.5356418642277,Layered Negative Metabolic Loop
245,245.0,39,Negative Gene Loop,20.115369230769232,,3.8248661908137926e-08,9.98980162511582e-08,,,,,5.34,0.0,3.766923076923077,20.115369230769232,Negative Gene Loop
246,246.0,70,Negative Gene Loop,20.115369230769232,,1.806772373747445e-08,8.873104549096063e-08,,,,,5.34,0.0,3.766923076923077,20.115369230769232,Negative Gene Loop
247,247.0,72,Negative Gene Loop,20.115369230769232,,1.6338498695538362e-08,7.945649676895945e-08,,,,,5.34,0.0,3.766923076923077,20.115369230769232,Negative Gene Loop
248,248.0,75,Negative Gene Loop,20.115369230769232,,1.1911259938026337e-08,7.169510796174924e-08,,,,,5.34,0.0,3.766923076923077,20.115369230769232,Negative Gene Loop
249,249.0,83,Negative Gene Loop,20.115369230769232,,1.7021651566794952e-08,9.450698108265024e-08,,,,,5.34,0.0,3.766923076923077,20.115369230769232,Negative Gene Loop
250,250.0,84,Negative Gene Loop,20.115369230769232,,2.7686856468297672e-08,9.52027558698653e-08,,,,,5.34,0.0,3.766923076923077,20.115369230769232,Negative Gene Loop
251,251.0,88,Negative Gene Loop,20.115369230769232,,8.219783996321406e-09,7.336726826074623e-08,,,,,5.34,0.0,3.766923076923077,20.115369230769232,Negative Gene Loop
252,252.0,95,Negative Gene Loop,20.115369230769232,,1.9939926255816852e-08,9.465343509820228e-08,,,,,5.34,0.0,3.766923076923077,20.115369230769232,Negative Gene Loop
253,253.0,97,Negative Gene Loop,20.115369230769232,,9.365328626319555e-10,7.90299538949129e-08,,,,,5.34,0.0,3.766923076923077,20.115369230769232,Negative Gene Loop
254,254.0,99,Negative Gene Loop,20.115369230769232,,1.1427878241656161e-08,7.251976288648409e-08,,,,,5.34,0.0,3.766923076923077,20.115369230769232,Negative Gene Loop
255,255.0,21,Negative Gene Loop,20.365938461538462,,3.8405081776066265e-08,9.539130405580509e-08,,,,,5.34,0.0,3.813846153846154,20.365938461538462,Negative Gene Loop
256,256.0,31,Negative Gene Loop,20.365938461538462,,7.599008188752915e-08,9.8707861306515e-08,,,,,5.34,0.0,3.813846153846154,20.365938461538462,Negative Gene Loop
257,257.0,33,Negative Gene Loop,20.365938461538462,,9.581276027898777e-08,9.231725261675797e-08,,,,,5.34,0.0,3.813846153846154,20.365938461538462,Negative Gene Loop
258,258.0,66,Negative Gene Loop,20.365938461538462,,6.30838648997837e-08,8.691151538985876e-08,,,,,5.34,0.0,3.813846153846154,20.365938461538462,Negative Gene Loop
259,259.0,67,Negative Gene Loop,20.365938461538462,,9.759698015580675e-08,7.591989629215924e-08,,,,,5.34,0.0,3.813846153846154,20.365938461538462,Negative Gene Loop
260,260.0,71,Negative Gene Loop,20.365938461538462,,2.3721644888720873e-08,7.588810959416039e-08,,,,,5.34,0.0,3.813846153846154,20.365938461538462,Negative Gene Loop
261,261.0,75,Negative Gene Loop,20.365938461538462,,2.2535547058965764e-08,7.215308774517401e-08,,,,,5.34,0.0,3.813846153846154,20.365938461538462,Negative Gene Loop
262,262.0,77,Negative Gene Loop,20.365938461538462,,4.265723213222043e-09,7.249901520155147e-08,,,,,5.34,0.0,3.813846153846154,20.365938461538462,Negative Gene Loop
263,263.0,78,Negative Gene Loop,20.365938461538462,,1.6242636390535722e-10,7.113398185449458e-08,,,,,5.34,0.0,3.813846153846154,20.365938461538462,Negative Gene Loop
264,264.0,91,Negative Gene Loop,20.365938461538462,,8.555425115409326e-08,9.031822156387245e-08,,,,,5.34,0.0,3.813846153846154,20.365938461538462,Negative Gene Loop
265,265.0,92,Negative Gene Loop,20.365938461538462,,8.568172016072523e-08,8.669109513686049e-08,,,,,5.34,0.0,3.813846153846154,20.365938461538462,Negative Gene Loop
266,266.0,17,Negative Gene Loop,20.61650769230769,,8.962981911015155e-09,8.121463383948237e-08,,,,,5.34,0.0,3.860769230769231,20.61650769230769,Negative Gene Loop
267,267.0,20,Negative Gene Loop,20.61650769230769,,9.305549295539315e-09,9.982016550409123e-08,,,,,5.34,0.0,3.860769230769231,20.61650769230769,Negative Gene Loop
268,268.0,23,Negative Gene Loop,20.61650769230769,,1.5402438844162262e-08,8.54240291664709e-08,,,,,5.34,0.0,3.860769230769231,20.61650769230769,Negative Gene Loop
269,269.0,24,Negative Gene Loop,20.61650769230769,,7.358352886691944e-08,9.936648337878433e-08,,,,,5.34,0.0,3.860769230769231,20.61650769230769,Negative Gene Loop
270,270.0,31,Negative Gene Loop,20.61650769230769,,5.93485901013921e-08,8.822986840574976e-08,,,,,5.34,0.0,3.860769230769231,20.61650769230769,Negative Gene Loop
271,271.0,36,Negative Gene Loop,20.61650769230769,,5.884736798333045e-08,8.249134241736326e-08,,,,,5.34,0.0,3.860769230769231,20.61650769230769,Negative Gene Loop
272,272.0,48,Negative Gene Loop,20.61650769230769,,5.03529237105287e-10,9.167046699131941e-08,,,,,5.34,0.0,3.860769230769231,20.61650769230769,Negative Gene Loop
273,273.0,67,Negative Gene Loop,20.61650769230769,,6.872320738313747e-08,7.654068371126913e-08,,,,,5.34,0.0,3.860769230769231,20.61650769230769,Negative Gene Loop
274,274.0,72,Negative Gene Loop,20.61650769230769,,6.759172178600009e-09,8.774342809170824e-08,,,,,5.34,0.0,3.860769230769231,20.61650769230769,Negative Gene Loop
275,275.0,86,Negative Gene Loop,20.61650769230769,,5.438901797454788e-08,9.004391524157314e-08,,,,,5.34,0.0,3.860769230769231,20.61650769230769,Negative Gene Loop
276,276.0,88,Negative Gene Loop,20.61650769230769,,7.253786424320262e-08,9.752174997686734e-08,,,,,5.34,0.0,3.860769230769231,20.61650769230769,Negative Gene Loop
277,277.0,23,Negative Gene Loop,20.86707692307693,,1.2640365418431116e-08,7.17081219197201e-08,,,,,5.34,0.0,3.907692307692308,20.86707692307693,Negative Gene Loop
278,278.0,29,Negative Gene Loop,20.86707692307693,,3.7612162571359634e-08,8.257730158128253e-08,,,,,5.34,0.0,3.907692307692308,20.86707692307693,Negative Gene Loop
279,279.0,31,Negative Gene Loop,20.86707692307693,,4.2243744721294713e-08,8.347629540396499e-08,,,,,5.34,0.0,3.907692307692308,20.86707692307693,Negative Gene Loop
280,280.0,41,Negative Gene Loop,20.86707692307693,,4.7847846592772136e-08,8.492846958529439e-08,,,,,5.34,0.0,3.907692307692308,20.86707692307693,Negative Gene Loop
281,281.0,48,Negative Gene Loop,20.86707692307693,,3.1710208831088086e-08,7.908563314954814e-08,,,,,5.34,0.0,3.907692307692308,20.86707692307693,Negative Gene Loop
282,282.0,62,Negative Gene Loop,20.86707692307693,,5.406233617930999e-08,9.26122157509507e-08,,,,,5.34,0.0,3.907692307692308,20.86707692307693,Negative Gene Loop
283,283.0,66,Negative Gene Loop,20.86707692307693,,3.693820432642157e-08,9.665287064578581e-08,,,,,5.34,0.0,3.907692307692308,20.86707692307693,Negative Gene Loop
284,284.0,70,Negative Gene Loop,20.86707692307693,,3.4485865250174915e-08,8.897740465974729e-08,,,,,5.34,0.0,3.907692307692308,20.86707692307693,Negative Gene Loop
285,285.0,78,Negative Gene Loop,20.86707692307693,,3.7682511336943394e-08,9.572274634952823e-08,,,,,5.34,0.0,3.907692307692308,20.86707692307693,Negative Gene Loop
286,286.0,21,Negative Gene Loop,21.11764615384616,,2.8900409408007197e-09,9.748730994749473e-08,,,,,5.34,0.0,3.954615384615385,21.11764615384616,Negative Gene Loop
287,287.0,22,Negative Gene Loop,21.11764615384616,,4.109509179995908e-09,9.853728500414639e-08,,,,,5.34,0.0,3.954615384615385,21.11764615384616,Negative Gene Loop
288,288.0,23,Negative Gene Loop,21.11764615384616,,3.5140398164658427e-10,9.685751420769893e-08,,,,,5.34,0.0,3.954615384615385,21.11764615384616,Negative Gene Loop
289,289.0,25,Negative Gene Loop,21.11764615384616,,2.6647226827429273e-08,7.713557986150689e-08,,,,,5.34,0.0,3.954615384615385,21.11764615384616,Negative Gene Loop
290,290.0,26,Negative Gene Loop,21.11764615384616,,2.5450571792369507e-08,7.562984142539277e-08,,,,,5.34,0.0,3.954615384615385,21.11764615384616,Negative Gene Loop
291,291.0,49,Negative Gene Loop,21.11764615384616,,4.5771975004531246e-08,7.975395074568853e-08,,,,,5.34,0.0,3.954615384615385,21.11764615384616,Negative Gene Loop
292,292.0,52,Negative Gene Loop,21.11764615384616,,4.5571048428407924e-08,8.698630560714414e-08,,,,,5.34,0.0,3.954615384615385,21.11764615384616,Negative Gene Loop
293,293.0,55,Negative Gene Loop,21.11764615384616,,3.7533890006829536e-08,8.927682096502991e-08,,,,,5.34,0.0,3.954615384615385,21.11764615384616,Negative Gene Loop
294,294.0,68,Negative Gene Loop,21.11764615384616,,3.479375411033972e-08,7.489322538248084e-08,,,,,5.34,0.0,3.954615384615385,21.11764615384616,Negative Gene Loop
295,295.0,72,Negative Gene Loop,21.11764615384616,,3.86071999551062e-08,9.308616837156673e-08,,,,,5.34,0.0,3.954615384615385,21.11764615384616,Negative Gene Loop
296,296.0,80,Negative Gene Loop,21.11764615384616,,7.103732528157415e-08,8.674495881245936e-08,,,,,5.34,0.0,3.954615384615385,21.11764615384616,Negative Gene Loop
297,297.0,87,Negative Gene Loop,21.11764615384616,,6.177598905629583e-09,7.848427071403084e-08,,,,,5.34,0.0,3.954615384615385,21.11764615384616,Negative Gene Loop
298,298.0,38,Negative Gene Loop,21.368215384615382,,6.356811271857668e-08,7.488458923661876e-08,,,,,5.34,0.0,4.001538461538462,21.368215384615382,Negative Gene Loop
299,299.0,39,Negative Gene Loop,21.368215384615382,,6.438050487615014e-08,7.4329158711406e-08,,,,,5.34,0.0,4.001538461538462,21.368215384615382,Negative Gene Loop
300,300.0,41,Negative Gene Loop,21.368215384615382,,6.60251280142175e-08,7.590877132288594e-08,,,,,5.34,0.0,4.001538461538462,21.368215384615382,Negative Gene Loop
301,301.0,45,Negative Gene Loop,21.368215384615382,,9.769914139216697e-08,7.417670202146995e-08,,,,,5.34,0.0,4.001538461538462,21.368215384615382,Negative Gene Loop
302,302.0,71,Negative Gene Loop,21.368215384615382,,5.516041845672707e-08,7.587784917177883e-08,,,,,5.34,0.0,4.001538461538462,21.368215384615382,Negative Gene Loop
303,303.0,72,Negative Gene Loop,21.368215384615382,,4.0486549233517927e-08,8.559595091265003e-08,,,,,5.34,0.0,4.001538461538462,21.368215384615382,Negative Gene Loop
304,304.0,76,Negative Gene Loop,21.368215384615382,,2.7277056075935284e-08,8.73230601199421e-08,,,,,5.34,0.0,4.001538461538462,21.368215384615382,Negative Gene Loop
305,305.0,83,Negative Gene Loop,21.368215384615382,,3.105979193524719e-08,9.606176683746215e-08,,,,,5.34,0.0,4.001538461538462,21.368215384615382,Negative Gene Loop
306,306.0,94,Negative Gene Loop,21.368215384615382,,3.4632660089041745e-08,7.938581987980563e-08,,,,,5.34,0.0,4.001538461538462,21.368215384615382,Negative Gene Loop
307,307.0,4,Negative Gene Loop,21.618784615384616,,9.544520093255763e-08,7.73933261281096e-08,,,,,5.34,0.0,4.048461538461539,21.618784615384616,Negative Gene Loop
308,308.0,17,Negative Gene Loop,21.618784615384616,,2.1058823425972422e-08,9.452352908440035e-08,,,,,5.34,0.0,4.048461538461539,21.618784615384616,Negative Gene Loop
309,309.0,20,Negative Gene Loop,21.618784615384616,,9.990531319879469e-08,9.481227852849889e-08,,,,,5.34,0.0,4.048461538461539,21.618784615384616,Negative Gene Loop
310,310.0,62,Negative Gene Loop,21.618784615384616,,9.271797739193262e-09,7.273239910236586e-08,,,,,5.34,0.0,4.048461538461539,21.618784615384616,Negative Gene Loop
311,311.0,91,Negative Gene Loop,21.618784615384616,,9.972500435468173e-08,8.020426957043508e-08,,,,,5.34,0.0,4.048461538461539,21.618784615384616,Negative Gene Loop
312,312.0,97,Negative Gene Loop,21.618784615384616,,9.280036894733013e-08,8.417198349791974e-08,,,,,5.34,0.0,4.048461538461539,21.618784615384616,Negative Gene Loop
313,313.0,0,Negative Gene Loop,21.86935384615385,,4.4947807891898755e-08,9.932365705922525e-08,,,,,5.34,0.0,4.095384615384615,21.86935384615385,Negative Gene Loop
314,314.0,22,Negative Gene Loop,21.86935384615385,,8.610597367936256e-08,9.885318422920293e-08,,,,,5.34,0.0,4.095384615384615,21.86935384615385,Negative Gene Loop
315,315.0,24,Negative Gene Loop,21.86935384615385,,7.677254712636251e-08,8.433901772039528e-08,,,,,5.34,0.0,4.095384615384615,21.86935384615385,Negative Gene Loop
316,316.0,28,Negative Gene Loop,21.86935384615385,,6.660501644850414e-08,8.306666497368343e-08,,,,,5.34,0.0,4.095384615384615,21.86935384615385,Negative Gene Loop
317,317.0,65,Negative Gene Loop,21.86935384615385,,6.926558587792569e-08,8.399268007924289e-08,,,,,5.34,0.0,4.095384615384615,21.86935384615385,Negative Gene Loop
318,318.0,66,Negative Gene Loop,21.86935384615385,,7.613875074160069e-08,8.527271041448766e-08,,,,,5.34,0.0,4.095384615384615,21.86935384615385,Negative Gene Loop
319,319.0,73,Negative Gene Loop,21.86935384615385,,5.8480982270538366e-08,8.103084337179249e-08,,,,,5.34,0.0,4.095384615384615,21.86935384615385,Negative Gene Loop
320,320.0,82,Negative Gene Loop,21.86935384615385,,9.951916130697133e-08,9.906451829979613e-08,,,,,5.34,0.0,4.095384615384615,21.86935384615385,Negative Gene Loop
321,321.0,7,Negative Gene Loop,22.11992307692308,,4.8858787635191684e-08,9.591626479608885e-08,,,,,5.34,0.0,4.142307692307693,22.11992307692308,Negative Gene Loop
322,322.0,18,Negative Gene Loop,22.11992307692308,,1.0962958238316548e-08,9.558867719007605e-08,,,,,5.34,0.0,4.142307692307693,22.11992307692308,Negative Gene Loop
323,323.0,22,Negative Gene Loop,22.11992307692308,,6.60294008107073e-10,9.948325319907263e-08,,,,,5.34,0.0,4.142307692307693,22.11992307692308,Negative Gene Loop
324,324.0,24,Negative Gene Loop,22.11992307692308,,2.47487183085493e-08,7.18163625964104e-08,,,,,5.34,0.0,4.142307692307693,22.11992307692308,Negative Gene Loop
325,325.0,45,Negative Gene Loop,22.11992307692308,,2.2664880852556006e-09,8.622086388037925e-08,,,,,5.34,0.0,4.142307692307693,22.11992307692308,Negative Gene Loop
326,326.0,63,Negative Gene Loop,22.11992307692308,,3.9464911087228734e-08,8.902225085095006e-08,,,,,5.34,0.0,4.142307692307693,22.11992307692308,Negative Gene Loop
327,327.0,75,Negative Gene Loop,22.11992307692308,,4.0506016522763546e-08,8.485936094775869e-08,,,,,5.34,0.0,4.142307692307693,22.11992307692308,Negative Gene Loop
328,328.0,76,Negative Gene Loop,22.11992307692308,,6.763183149270542e-08,8.415986815451451e-08,,,,,5.34,0.0,4.142307692307693,22.11992307692308,Negative Gene Loop
329,329.0,79,Negative Gene Loop,22.11992307692308,,4.9265331376743765e-08,7.135435432846244e-08,,,,,5.34,0.0,4.142307692307693,22.11992307692308,Negative Gene Loop
330,330.0,82,Negative Gene Loop,22.11992307692308,,5.936680677606095e-08,8.479838628043143e-08,,,,,5.34,0.0,4.142307692307693,22.11992307692308,Negative Gene Loop
331,331.0,22,Negative Gene Loop,22.370492307692302,,1.7133453039871876e-09,9.62244993644335e-08,,,,,5.34,0.0,4.189230769230769,22.370492307692302,Negative Gene Loop
332,332.0,24,Negative Gene Loop,22.370492307692302,,5.3172364987467064e-08,9.935300234331637e-08,,,,,5.34,0.0,4.189230769230769,22.370492307692302,Negative Gene Loop
333,333.0,44,Negative Gene Loop,22.370492307692302,,1.9468168540760352e-08,7.976570072351554e-08,,,,,5.34,0.0,4.189230769230769,22.370492307692302,Negative Gene Loop
334,334.0,75,Negative Gene Loop,22.370492307692302,,4.675179677415214e-08,7.7597405305862e-08,,,,,5.34,0.0,4.189230769230769,22.370492307692302,Negative Gene Loop
335,335.0,87,Negative Gene Loop,22.370492307692302,,3.4313994627021384e-08,9.970819535724505e-08,,,,,5.34,0.0,4.189230769230769,22.370492307692302,Negative Gene Loop
336,336.0,23,Negative Gene Loop,22.62106153846154,,9.932044197060897e-08,9.958907204813413e-08,,,,,5.34,0.0,4.236153846153846,22.62106153846154,Negative Gene Loop
337,337.0,26,Negative Gene Loop,22.62106153846154,,9.977633656227373e-08,8.714054134318616e-08,,,,,5.34,0.0,4.236153846153846,22.62106153846154,Negative Gene Loop
338,338.0,72,Negative Gene Loop,22.62106153846154,,6.560371525121824e-08,8.88015154107598e-08,,,,,5.34,0.0,4.236153846153846,22.62106153846154,Negative Gene Loop
339,339.0,74,Negative Gene Loop,22.62106153846154,,4.119658281469291e-08,7.801085933954564e-08,,,,,5.34,0.0,4.236153846153846,22.62106153846154,Negative Gene Loop
340,340.0,76,Negative Gene Loop,22.62106153846154,,3.5190114336491226e-08,7.571164381413359e-08,,,,,5.34,0.0,4.236153846153846,22.62106153846154,Negative Gene Loop
341,341.0,87,Negative Gene Loop,22.62106153846154,,2.3232263043498117e-08,8.779622455266711e-08,,,,,5.34,0.0,4.236153846153846,22.62106153846154,Negative Gene Loop
342,342.0,90,Negative Gene Loop,22.62106153846154,,1.917598708543653e-08,8.631188432727593e-08,,,,,5.34,0.0,4.236153846153846,22.62106153846154,Negative Gene Loop
343,343.0,2,Negative Gene Loop,22.871630769230773,,7.526631831312167e-08,8.209529674102206e-08,,,,,5.34,0.0,4.283076923076924,22.871630769230773,Negative Gene Loop
344,344.0,20,Negative Gene Loop,22.871630769230773,,8.14647077464554e-08,9.420494882125053e-08,,,,,5.34,0.0,4.283076923076924,22.871630769230773,Negative Gene Loop
345,345.0,24,Negative Gene Loop,22.871630769230773,,7.340781709912009e-08,9.929395441754109e-08,,,,,5.34,0.0,4.283076923076924,22.871630769230773,Negative Gene Loop
346,346.0,27,Negative Gene Loop,22.871630769230773,,5.84905545638927e-08,7.946079377448484e-08,,,,,5.34,0.0,4.283076923076924,22.871630769230773,Negative Gene Loop
347,347.0,29,Negative Gene Loop,22.871630769230773,,8.687843824118439e-08,9.906091532761515e-08,,,,,5.34,0.0,4.283076923076924,22.871630769230773,Negative Gene Loop
348,348.0,37,Negative Gene Loop,22.871630769230773,,9.964452463566633e-08,9.866674087827921e-08,,,,,5.34,0.0,4.283076923076924,22.871630769230773,Negative Gene Loop
349,349.0,75,Negative Gene Loop,22.871630769230773,,8.602337498900318e-08,9.959096401488424e-08,,,,,5.34,0.0,4.283076923076924,22.871630769230773,Negative Gene Loop
350,350.0,81,Negative Gene Loop,22.871630769230773,,8.351360090531934e-08,9.336258077292717e-08,,,,,5.34,0.0,4.283076923076924,22.871630769230773,Negative Gene Loop
351,351.0,82,Negative Gene Loop,22.871630769230773,,8.398798178627753e-08,9.275332928350929e-08,,,,,5.34,0.0,4.283076923076924,22.871630769230773,Negative Gene Loop
352,352.0,83,Negative Gene Loop,22.871630769230773,,7.082095061662577e-08,9.330480770030475e-08,,,,,5.34,0.0,4.283076923076924,22.871630769230773,Negative Gene Loop
353,353.0,97,Negative Gene Loop,22.871630769230773,,9.281587772863348e-08,8.89944432126351e-08,,,,,5.34,0.0,4.283076923076924,22.871630769230773,Negative Gene Loop
354,354.0,22,Negative Gene Loop,23.1222,,4.143955096406983e-09,9.73986011432325e-08,,,,,5.34,0.0,4.33,23.1222,Negative Gene Loop
355,355.0,55,Negative Gene Loop,23.1222,,7.645864615009675e-09,9.252727107716169e-08,,,,,5.34,0.0,4.33,23.1222,Negative Gene Loop
356,356.0,60,Negative Gene Loop,23.1222,,9.349254064706594e-09,8.990332381556325e-08,,,,,5.34,0.0,4.33,23.1222,Negative Gene Loop
357,357.0,65,Negative Gene Loop,23.1222,,7.186519736077641e-09,9.242305629566628e-08,,,,,5.34,0.0,4.33,23.1222,Negative Gene Loop
358,358.0,21,Negative Gene Loop,23.372769230769237,,9.736303660040176e-08,9.615693779526642e-08,,,,,5.34,0.0,4.376923076923077,23.372769230769237,Negative Gene Loop
359,359.0,24,Negative Gene Loop,23.372769230769237,,7.624319876939304e-08,9.979499041169208e-08,,,,,5.34,0.0,4.376923076923077,23.372769230769237,Negative Gene Loop
360,360.0,26,Negative Gene Loop,23.372769230769237,,6.35492907250723e-08,7.98239624767822e-08,,,,,5.34,0.0,4.376923076923077,23.372769230769237,Negative Gene Loop
361,361.0,31,Negative Gene Loop,23.372769230769237,,8.417409155983845e-08,9.897569644066355e-08,,,,,5.34,0.0,4.376923076923077,23.372769230769237,Negative Gene Loop
362,362.0,39,Negative Gene Loop,23.372769230769237,,4.492094898575128e-08,8.739967772199191e-08,,,,,5.34,0.0,4.376923076923077,23.372769230769237,Negative Gene Loop
363,363.0,57,Negative Gene Loop,23.372769230769237,,5.69207673436356e-08,7.78181193746081e-08,,,,,5.34,0.0,4.376923076923077,23.372769230769237,Negative Gene Loop
364,364.0,64,Negative Gene Loop,23.372769230769237,,9.956431495787809e-08,9.475306683649529e-08,,,,,5.34,0.0,4.376923076923077,23.372769230769237,Negative Gene Loop
365,365.0,69,Negative Gene Loop,23.372769230769237,,9.085858130758413e-08,9.347561399240313e-08,,,,,5.34,0.0,4.376923076923077,23.372769230769237,Negative Gene Loop
366,366.0,76,Negative Gene Loop,23.372769230769237,,5.65087507625406e-08,9.799977722459547e-08,,,,,5.34,0.0,4.376923076923077,23.372769230769237,Negative Gene Loop
367,367.0,92,Negative Gene Loop,23.372769230769237,,6.011534563005373e-08,7.932100944031723e-08,,,,,5.34,0.0,4.376923076923077,23.372769230769237,Negative Gene Loop
368,368.0,20,Negative Gene Loop,23.62333846153846,,1.9647097670619925e-08,9.626072760923368e-08,,,,,5.34,0.0,4.423846153846154,23.62333846153846,Negative Gene Loop
369,369.0,22,Negative Gene Loop,23.62333846153846,,3.0495544474427383e-10,9.999334214706904e-08,,,,,5.34,0.0,4.423846153846154,23.62333846153846,Negative Gene Loop
370,370.0,23,Negative Gene Loop,23.62333846153846,,1.9183430275649183e-09,8.266700395441612e-08,,,,,5.34,0.0,4.423846153846154,23.62333846153846,Negative Gene Loop
371,371.0,28,Negative Gene Loop,23.62333846153846,,3.419675577266636e-08,9.984369790481477e-08,,,,,5.34,0.0,4.423846153846154,23.62333846153846,Negative Gene Loop
372,372.0,29,Negative Gene Loop,23.62333846153846,,3.7390576007591094e-08,8.823125773144533e-08,,,,,5.34,0.0,4.423846153846154,23.62333846153846,Negative Gene Loop
373,373.0,44,Negative Gene Loop,23.62333846153846,,5.309780502422376e-08,8.706006076385277e-08,,,,,5.34,0.0,4.423846153846154,23.62333846153846,Negative Gene Loop
374,374.0,49,Negative Gene Loop,23.62333846153846,,4.02544558437024e-08,9.066835217992425e-08,,,,,5.34,0.0,4.423846153846154,23.62333846153846,Negative Gene Loop
375,375.0,50,Negative Gene Loop,23.62333846153846,,5.64696352221445e-08,8.897928687394126e-08,,,,,5.34,0.0,4.423846153846154,23.62333846153846,Negative Gene Loop
376,376.0,66,Negative Gene Loop,23.62333846153846,,9.954342633232213e-08,7.775030880895774e-08,,,,,5.34,0.0,4.423846153846154,23.62333846153846,Negative Gene Loop
377,377.0,69,Negative Gene Loop,23.62333846153846,,2.9083489427664024e-08,9.32981976331444e-08,,,,,5.34,0.0,4.423846153846154,23.62333846153846,Negative Gene Loop
378,378.0,71,Negative Gene Loop,23.62333846153846,,5.58892422716264e-08,8.737651080329788e-08,,,,,5.34,0.0,4.423846153846154,23.62333846153846,Negative Gene Loop
379,379.0,83,Negative Gene Loop,23.62333846153846,,1.7178487659679784e-08,9.868638973033377e-08,,,,,5.34,0.0,4.423846153846154,23.62333846153846,Negative Gene Loop
380,380.0,96,Negative Gene Loop,23.62333846153846,,3.733927694641727e-08,7.897263421151455e-08,,,,,5.34,0.0,4.423846153846154,23.62333846153846,Negative Gene Loop
381,381.0,98,Negative Gene Loop,23.62333846153846,,1.5360550751321146e-08,9.990718473773981e-08,,,,,5.34,0.0,4.423846153846154,23.62333846153846,Negative Gene Loop
382,382.0,58,Negative Metabolic Loop,23.85741902862249,,,,2.34612192042527e-09,0.0851885394407016,,,3.65,7.539111336314799,4.470769230769231,23.85741902862249,Negative Metabolic Loop
383,383.0,85,Negative Metabolic Loop,24.01157062754874,,,,1.269857616362127e-09,0.0609440415804815,,,3.86,6.573278319856428,4.517692307692308,24.01157062754874,Negative Metabolic Loop
384,384.0,34,Negative Metabolic Loop,24.237329917997457,,,,2.4271281046148757e-09,0.1197256259063854,,,3.89,6.480976071843612,4.564615384615385,24.237329917997457,Negative Metabolic Loop
385,385.0,52,Negative Metabolic Loop,24.51975797810784,,,,1.127946329942935e-09,0.0715381140534324,,,4.09,5.658565670415526,4.611538461538462,24.51975797810784,Negative Metabolic Loop
386,386.0,44,Negative Metabolic Loop,24.80766732132723,,,,2.289762167564451e-09,0.0479640000136305,,,3.27,9.574498090558,4.658461538461538,24.80766732132723,Negative Metabolic Loop
387,387.0,21,Negative Gene Loop,25.126753846153846,,9.993980874278345e-08,9.825269948507737e-08,,,,,5.34,0.0,4.705384615384616,25.126753846153846,Negative Gene Loop
388,388.0,22,Negative Gene Loop,25.126753846153846,,9.89632383763527e-08,9.574431697207659e-08,,,,,5.34,0.0,4.705384615384616,25.126753846153846,Negative Gene Loop
389,389.0,23,Negative Gene Loop,25.126753846153846,,7.68136399082013e-08,8.136181814584696e-08,,,,,5.34,0.0,4.705384615384616,25.126753846153846,Negative Gene Loop
390,390.0,39,Negative Gene Loop,25.126753846153846,,8.847514108424666e-08,9.850216227831029e-08,,,,,5.34,0.0,4.705384615384616,25.126753846153846,Negative Gene Loop
391,391.0,41,Negative Gene Loop,25.126753846153846,,8.208287639564396e-08,8.098977355887032e-08,,,,,5.34,0.0,4.705384615384616,25.126753846153846,Negative Gene Loop
392,392.0,51,Negative Gene Loop,25.126753846153846,,3.082875669597909e-08,7.79099277647608e-08,,,,,5.34,0.0,4.705384615384616,25.126753846153846,Negative Gene Loop
393,393.0,55,Negative Gene Loop,25.126753846153846,,2.9434341592971612e-08,7.485620127623443e-08,,,,,5.34,0.0,4.705384615384616,25.126753846153846,Negative Gene Loop
394,394.0,60,Negative Gene Loop,25.126753846153846,,6.648640455760655e-08,9.99988668976006e-08,,,,,5.34,0.0,4.705384615384616,25.126753846153846,Negative Gene Loop
395,395.0,66,Negative Gene Loop,25.126753846153846,,8.1839591717746e-08,9.22694183299982e-08,,,,,5.34,0.0,4.705384615384616,25.126753846153846,Negative Gene Loop
396,396.0,68,Negative Gene Loop,25.126753846153846,,8.148485754568087e-08,8.397737625382787e-08,,,,,5.34,0.0,4.705384615384616,25.126753846153846,Negative Gene Loop
397,397.0,82,Negative Gene Loop,25.126753846153846,,5.770540097883816e-08,9.440839028675377e-08,,,,,5.34,0.0,4.705384615384616,25.126753846153846,Negative Gene Loop
398,398.0,95,Negative Gene Loop,25.126753846153846,,1.1919891657485326e-08,9.457334431464389e-08,,,,,5.34,0.0,4.705384615384616,25.126753846153846,Negative Gene Loop
399,399.0,46,Negative Metabolic Loop,24.916000631923687,,,,3.964846727832945e-09,0.117140363540569,,,3.5000000000000004,8.282923708846765,4.752307692307692,24.916000631923687,Negative Metabolic Loop
400,400.0,48,Negative Metabolic Loop,25.191447172071992,,,,5.370150470207725e-10,0.0293672718259004,,,3.97,6.1385010182258375,4.799230769230769,25.191447172071992,Negative Metabolic Loop
401,401.0,48,Negative Metabolic Loop,25.22757755161548,,,,2.319766458792977e-09,0.0745748477794894,,,3.56,7.975269859307788,4.846153846153847,25.22757755161548,Negative Metabolic Loop
402,402.0,47,Negative Metabolic Loop,25.45782911589651,,,,3.810638151752071e-09,0.0936201479025598,,,3.37,8.968159885127276,4.893076923076923,25.45782911589651,Negative Metabolic Loop
403,403.0,70,Negative Metabolic Loop,319.0352381582369,,,,9.894985366695512e-08,0.0001739917216563,,,1.03,52.10400354285232,259.15653846153845,319.0352381582369,Negative Metabolic Loop
404,404.0,60,Negative Metabolic Loop,322.1440668597202,,,,7.848407966349827e-08,0.0001441737173584,,,1.03,51.91009762895099,262.3630769230769,322.1440668597202,Negative Metabolic Loop
405,405.0,48,Negative Metabolic Loop,357.09321733978896,,,,3.452102011580495e-08,0.0003901819068716,,,1.18,43.72107118594285,265.56961538461536,357.09321733978896,Negative Metabolic Loop
406,406.0,34,Negative Metabolic Loop,325.1972873699974,,,,8.489826793452646e-08,0.0001031979814581,,,1.01,53.733371985382064,268.7761538461538,325.1972873699974,Negative Metabolic Loop
407,407.0,33,Negative Metabolic Loop,314.42185251465867,,,,9.996566956635581e-08,3.811875129879072e-05,,,0.94,58.75812174542791,271.9826923076923,314.42185251465867,Negative Metabolic Loop
408,408.0,68,Negative Metabolic Loop,325.254351081198,,,,9.543362438267639e-08,7.614878459907462e-05,,,0.98,55.568904927351895,275.1892307692308,325.254351081198,Negative Metabolic Loop
409,409.0,38,Negative Metabolic Loop,349.65034472669345,,,,4.247120441872682e-08,0.0001504238747505,,,1.08,48.98291395746266,278.39576923076925,349.65034472669345,Negative Metabolic Loop
410,410.0,43,Negative Metabolic Loop,342.0007327229794,,,,4.9816732501353715e-08,9.06866022940234e-05,,,1.03,51.95035579990248,281.6023076923077,342.0007327229794,Negative Metabolic Loop
411,411.0,98,Negative Metabolic Loop,320.80278639621537,,,,6.509392290965058e-08,1.2630863181152445e-05,,,0.91,61.62673639621536,284.80884615384616,320.80278639621537,Negative Metabolic Loop
412,412.0,23,Layered Negative Metabolic Loop,416.44971451316553,,,,,,9.825434268737095e-08,1.6579742696671012e-09,0.72,209.0786375900886,288.0153846153846,416.44971451316553,Layered Negative Metabolic Loop
413,413.0,96,Negative Metabolic Loop,332.94283236666456,,,,9.95036931066938e-08,3.432443941501779e-05,,,0.94,59.19422467435687,291.2219230769231,332.94283236666456,Negative Metabolic Loop
414,414.0,67,Negative Metabolic Loop,335.6490422324454,,,,5.2002342534638946e-08,1.9242778323079045e-05,,,0.94,58.88628838629155,294.42846153846153,335.6490422324454,Negative Metabolic Loop
415,415.0,71,Negative Metabolic Loop,375.4048616682083,,,,3.9755487081549825e-08,0.0001750464243043,,,1.1,48.00636166820832,297.635,375.4048616682083,Negative Metabolic Loop
416,416.0,68,Negative Metabolic Loop,350.53754179289524,,,,6.942654078271808e-08,5.36043696404305e-05,,,0.98,55.71283410058754,300.84153846153845,350.53754179289524,Negative Metabolic Loop
417,417.0,73,Negative Metabolic Loop,374.8772739638426,,,,8.232009496924074e-08,0.000257118881638,,,1.0699999999999998,49.545831656150376,304.0480769230769,374.8772739638426,Negative Metabolic Loop
418,418.0,87,Negative Metabolic Loop,380.96110333281,,,,7.399914736914264e-08,0.0002538902694201,,,1.08,49.12611871742543,307.25461538461536,380.96110333281,Negative Metabolic Loop
419,419.0,36,Negative Metabolic Loop,384.3268069425008,,,,7.027253346458559e-08,0.0002464284282005,,,1.08,49.02876078865464,310.4611538461538,384.3268069425008,Negative Metabolic Loop
420,420.0,81,Negative Metabolic Loop,393.0211024342555,,,,4.1000013813379015e-08,0.0001813269731858,,,1.1,47.98664089579403,313.6676923076923,393.0211024342555,Negative Metabolic Loop
421,421.0,40,Negative Metabolic Loop,420.5290135898069,,,,4.618752450690818e-08,0.0005539113655908,,,1.1900000000000002,43.44867897442225,316.87423076923073,420.5290135898069,Negative Metabolic Loop
422,422.0,59,Negative Metabolic Loop,369.0540649933035,,,,9.469692410843597e-08,7.911895821308644e-05,,,0.98,55.374911147149696,320.0807692307692,369.0540649933035,Negative Metabolic Loop
423,423.0,41,Layered Negative Metabolic Loop,457.5257760927298,,,,,,2.4611015520488903e-10,5.873797982047309e-08,0.72,224.7589145542684,323.2873076923077,457.5257760927298,Layered Negative Metabolic Loop
424,424.0,71,Negative Metabolic Loop,398.7305475240433,,,,4.49582325629205e-08,0.0001456719108252,,,1.0699999999999998,49.38213213942794,326.49384615384616,398.7305475240433,Negative Metabolic Loop
425,425.0,85,Negative Metabolic Loop,410.3395757726892,,,,4.3602658426460846e-08,0.000206748705372,,,1.1,47.66915269576609,329.7003846153846,410.3395757726892,Negative Metabolic Loop
426,426.0,97,Negative Metabolic Loop,411.02628518466383,,,,5.5715916437829657e-08,0.0002372106339122,,,1.09,48.15773903081767,332.9069230769231,411.02628518466383,Negative Metabolic Loop
427,427.0,81,Negative Metabolic Loop,387.6903247764295,,,,5.673120053345095e-08,5.241170474692172e-05,,,0.99,54.9379978533525,336.11346153846154,387.6903247764295,Negative Metabolic Loop
42,,42,Layered Negative Metabolic Loop,886.1720985497136,,,,,,8.581410289827095e-08,8.836661756404875e-09,0.33999999999999997,450.1821995598147,1282.3232323232323,886.1720985497136,Layered Negative Metabolic Loop
59,,59,Layered Negative Metabolic Loop,1171.8252490167497,,,,,,9.480551749184792e-08,1.8120636402062562e-08,0.26,576.517168208669,2289.6464646464647,1171.8252490167497,Layered Negative Metabolic Loop
22,,22,Layered Negative Metabolic Loop,1388.6501869594204,,,,,,9.79674988093503e-08,4.911063807807221e-08,0.19,762.225944535178,3296.969696969697,1388.6501869594204,Layered Negative Metabolic Loop
70,,70,Layered Negative Metabolic Loop,1570.014878290734,,,,,,6.902733778251932e-08,9.477620135317191e-08,0.16999999999999998,838.285080310936,4304.292929292929,1570.014878290734,Layered Negative Metabolic Loop
84,,84,Layered Negative Metabolic Loop,1731.2105923488643,,,,,,9.721613418400872e-08,9.642862733471124e-08,0.16,881.3520064902784,5311.616161616162,1731.2105923488643,Layered Negative Metabolic Loop
71,,71,Layered Negative Metabolic Loop,1893.2740172195136,,,,,,9.967179735248813e-08,9.533732193684743e-08,0.16,882.2437141892104,6318.939393939394,1893.2740172195136,Layered Negative Metabolic Loop
81,,81,Layered Negative Metabolic Loop,2057.212598544711,,,,,,9.951594834209849e-08,9.701133408645325e-08,0.16,885.0105783426909,7326.262626262626,2057.212598544711,Layered Negative Metabolic Loop
69,,69,Layered Negative Metabolic Loop,2212.800366088762,,,,,,9.999063155112393e-08,9.360878251517076e-08,0.16,879.4266287150248,8333.585858585859,2212.800366088762,Layered Negative Metabolic Loop
23,,23,Layered Negative Metabolic Loop,2380.93828330273,,,,,,9.768316364139841e-08,9.902289948009261e-08,0.16,886.3928287572752,9340.909090909092,2380.93828330273,Layered Negative Metabolic Loop
22,,22,Layered Negative Metabolic Loop,2536.888907164216,,,,,,9.600833817279679e-08,9.717231730894444e-08,0.16,881.1717354470445,10348.232323232323,2536.888907164216,Layered Negative Metabolic Loop
33,,33,Layered Negative Metabolic Loop,2697.0570517307697,,,,,,9.241597781958096e-08,9.915067293833432e-08,0.16,880.1681628418812,11355.555555555555,2697.0570517307697,Layered Negative Metabolic Loop
65,,65,Layered Negative Metabolic Loop,2864.3265538538776,,,,,,9.67462603905051e-08,9.954754818493919e-08,0.16,886.2659477932713,12362.878787878788,2864.3265538538776,Layered Negative Metabolic Loop
69,,69,Layered Negative Metabolic Loop,3111.0432895609797,,,,,,9.999910797871041e-08,7.394522536444759e-08,0.16999999999999998,838.1089461266364,13370.202020202021,3111.0432895609797,Layered Negative Metabolic Loop
79,,79,Layered Negative Metabolic Loop,3181.3936127925335,,,,,,9.631216972973384e-08,9.682410890300085e-08,0.16,880.9895723884929,14377.525252525253,3181.3936127925335,Layered Negative Metabolic Loop
69,,69,Layered Negative Metabolic Loop,3466.3919350371816,,,,,,7.703149259903752e-08,9.448212322582388e-08,0.16999999999999998,850.9676926129398,15384.848484848484,3466.3919350371816,Layered Negative Metabolic Loop
67,,67,Layered Negative Metabolic Loop,3502.994314414237,,,,,,9.188408328088753e-08,9.956546600593429e-08,0.16,880.2468396667621,16392.171717171717,3502.994314414237,Layered Negative Metabolic Loop
89,,89,Layered Negative Metabolic Loop,3663.144434350885,,,,,,9.97756862165303e-08,9.362878897946816e-08,0.16,879.2252424316929,17399.49494949495,3663.144434350885,Layered Negative Metabolic Loop
71,,71,Layered Negative Metabolic Loop,3823.9788134873565,,,,,,9.950917187657353e-08,9.361794808341115e-08,0.16,878.887904396447,18406.818181818184,3823.9788134873565,Layered Negative Metabolic Loop
20,,20,Layered Negative Metabolic Loop,3991.965820803959,,,,,,9.807844446785774e-08,9.839570404087712e-08,0.16,885.7031945413329,19414.141414141413,3991.965820803959,Layered Negative Metabolic Loop
20,,20,Layered Negative Metabolic Loop,4148.541721511994,,,,,,9.24748278385583e-08,9.962275871401124e-08,0.16,881.1073780776507,20421.464646464647,4148.541721511994,Layered Negative Metabolic Loop
22,,22,Layered Negative Metabolic Loop,4309.549827667969,,,,,,9.257918581266158e-08,9.954204466879957e-08,0.16,880.9437670619078,21428.78787878788,4309.549827667969,Layered Negative Metabolic Loop
68,,68,Layered Negative Metabolic Loop,4651.610831895568,,,,,,9.212069479230862e-08,7.714065628235715e-08,0.16999999999999998,837.4719430066797,22436.11111111111,4651.610831895568,Layered Negative Metabolic Loop
27,,27,Layered Negative Metabolic Loop,4823.757311985957,,,,,,7.01694380901272e-08,9.360981236489628e-08,0.16999999999999998,838.3734736021189,23443.434343434343,4823.757311985957,Layered Negative Metabolic Loop
85,,85,Layered Negative Metabolic Loop,4793.360659880487,,,,,,9.43269942860498e-08,9.831322325461329e-08,0.16,881.2394477592748,24450.757575757576,4793.360659880487,Layered Negative Metabolic Loop
95,,95,Layered Negative Metabolic Loop,4954.818826649249,,,,,,9.920519005092888e-08,9.523066058603577e-08,0.16,881.5258973563193,25458.08080808081,4954.818826649249,Layered Negative Metabolic Loop
25,,25,Layered Negative Metabolic Loop,5122.32677580485,,,,,,9.764407018124481e-08,9.985828315983701e-08,0.16,887.8621293402026,26465.404040404042,5122.32677580485,Layered Negative Metabolic Loop
68,,68,Layered Negative Metabolic Loop,5511.130097089355,,,,,,6.626592933774499e-08,9.982078977405825e-08,0.16999999999999998,840.7664607257198,27472.727272727272,5511.130097089355,Layered Negative Metabolic Loop
73,,73,Layered Negative Metabolic Loop,5437.567362133842,,,,,,9.99830928281169e-08,9.43306037405032e-08,0.16,880.7592813257603,28480.050505050505,5437.567362133842,Layered Negative Metabolic Loop
91,,91,Layered Negative Metabolic Loop,5598.0324729210815,,,,,,9.905634933357663e-08,9.451344812012172e-08,0.16,880.0526749412833,29487.37373737374,5598.0324729210815,Layered Negative Metabolic Loop
27,,27,Layered Negative Metabolic Loop,6024.326800694174,,,,,,8.244282698737049e-08,8.409569817125356e-08,0.16999999999999998,840.2283158456898,30494.696969696968,6024.326800694174,Layered Negative Metabolic Loop
23,,23,Layered Negative Metabolic Loop,5920.667764523908,,,,,,9.96935804248256e-08,9.42918356154404e-08,0.16,880.3445322006756,31502.0202020202,5920.667764523908,Layered Negative Metabolic Loop
20,,20,Layered Negative Metabolic Loop,6083.003316239898,,,,,,9.888972325727359e-08,9.542997476009689e-08,0.16,881.5083667449485,32509.343434343435,6083.003316239898,Layered Negative Metabolic Loop
92,,92,Layered Negative Metabolic Loop,6242.110353499484,,,,,,9.969220259684579e-08,9.379806342313986e-08,0.16,879.4436868328173,33516.666666666664,6242.110353499484,Layered Negative Metabolic Loop
99,,99,Layered Negative Metabolic Loop,6404.593480121481,,,,,,9.946217118228189e-08,9.464909663681278e-08,0.16,880.7550962830967,34523.9898989899,6404.593480121481,Layered Negative Metabolic Loop
27,,27,Layered Negative Metabolic Loop,6566.523394340587,,,,,,9.901616186937727e-08,9.534253943259629e-08,0.16,881.5132933304869,35531.31313131313,6566.523394340587,Layered Negative Metabolic Loop
22,,22,Layered Negative Metabolic Loop,6727.418677730775,,,,,,9.920347290206958e-08,9.507122600833873e-08,0.16,881.2368595489559,36538.63636363637,6727.418677730775,Layered Negative Metabolic Loop
71,,71,Layered Negative Metabolic Loop,7225.23279162972,,,,,,8.022849981704807e-08,8.684441940429657e-08,0.16999999999999998,842.419660316589,37545.9595959596,7225.23279162972,Layered Negative Metabolic Loop
31,,31,Layered Negative Metabolic Loop,7048.3317819324175,,,,,,9.823997770412823e-08,9.488424093289201e-08,0.16,879.8065294071645,38553.28282828283,7048.3317819324175,Layered Negative Metabolic Loop
72,,72,Layered Negative Metabolic Loop,7917.613730603933,,,,,,9.27028667221464e-08,6.088144146384674e-08,0.18,796.7046396948418,39560.606060606064,7917.613730603933,Layered Negative Metabolic Loop
21,,21,Layered Negative Metabolic Loop,7372.263071778953,,,,,,9.662597874407622e-08,9.684228724149523e-08,0.16,881.3943849102658,40567.92929292929,7372.263071778953,Layered Negative Metabolic Loop
22,,22,Layered Negative Metabolic Loop,7539.000525136831,,,,,,9.984855000336225e-08,9.79002639566231e-08,0.16,886.9601210964274,41575.25252525252,7539.000525136831,Layered Negative Metabolic Loop
7,,7,Layered Negative Metabolic Loop,7692.268912312193,,,,,,9.891430539801181e-08,9.405432044596377e-08,0.16,879.0567911000709,42582.57575757576,7692.268912312193,Layered Negative Metabolic Loop
22,,22,Layered Negative Metabolic Loop,7856.54325091948,,,,,,9.554461385370529e-08,9.808647486880704e-08,0.16,882.1594125356419,43589.89898989899,7856.54325091948,Layered Negative Metabolic Loop
21,,21,Layered Negative Metabolic Loop,8016.353419641053,,,,,,9.560200274850072e-08,9.717115057042728e-08,0.16,880.7978640854983,44597.22222222222,8016.353419641053,Layered Negative Metabolic Loop
38,,38,Layered Negative Metabolic Loop,8184.648202010013,,,,,,9.969360960444256e-08,9.854478434362537e-08,0.16,887.9209292827397,45604.545454545456,8184.648202010013,Layered Negative Metabolic Loop
66,,66,Layered Negative Metabolic Loop,8338.192138771483,,,,,,9.727872452381785e-08,9.578646574006207e-08,0.16,880.2931488724934,46611.868686868685,8338.192138771483,Layered Negative Metabolic Loop
82,,82,Layered Negative Metabolic Loop,8935.544234498351,,,,,,7.10141436924252e-08,9.388786886167711e-08,0.16999999999999998,840.2816082357251,47619.19191919192,8935.544234498351,Layered Negative Metabolic Loop
66,,66,Layered Negative Metabolic Loop,8661.014478677957,,,,,,9.377366402762991e-08,9.844929082644153e-08,0.16,880.7720544355317,48626.51515151515,8661.014478677957,Layered Negative Metabolic Loop
21,,21,Layered Negative Metabolic Loop,8821.670857563686,,,,,,9.523589874270397e-08,9.708546647526816e-08,0.16,880.256716149545,49633.83838383838,8821.670857563686,Layered Negative Metabolic Loop
69,,69,Layered Negative Metabolic Loop,8983.161257250757,,,,,,9.951511959774906e-08,9.451739599292278e-08,0.16,880.5753986648965,50641.16161616162,8983.161257250757,Layered Negative Metabolic Loop
49,,49,Layered Negative Metabolic Loop,9145.948364888149,,,,,,9.295747926248579e-08,9.995984332051926e-08,0.16,882.1907891305732,51648.48484848485,9145.948364888149,Layered Negative Metabolic Loop
21,,21,Layered Negative Metabolic Loop,9308.878100682767,,,,,,9.499815102297816e-08,9.943907615338792e-08,0.16,883.9488077534736,52655.808080808085,9308.878100682767,Layered Negative Metabolic Loop
88,,88,Layered Negative Metabolic Loop,9466.716282988238,,,,,,9.545976172674923e-08,9.71369012173252e-08,0.16,880.6152728872283,53663.131313131315,9466.716282988238,Layered Negative Metabolic Loop
31,,31,Layered Negative Metabolic Loop,10642.440551048985,,,,,,4.8870252225056443e-08,9.972885755185894e-08,0.18,801.7587328671675,54670.454545454544,10642.440551048985,Layered Negative Metabolic Loop
76,,76,Layered Negative Metabolic Loop,9788.547187635353,,,,,,9.977969861872133e-08,9.409510201004358e-08,0.16,880.1027431909079,55677.77777777778,9788.547187635353,Layered Negative Metabolic Loop
41,,41,Layered Negative Metabolic Loop,10475.436836337765,,,,,,8.712398682970233e-08,8.048785270839719e-08,0.16999999999999998,838.9696646205934,56685.10101010101,10475.436836337765,Layered Negative Metabolic Loop
76,,76,Layered Negative Metabolic Loop,10112.753746056509,,,,,,9.94248096449382e-08,9.533744406875348e-08,0.16,881.9658672686306,57692.42424242424,10112.753746056509,Layered Negative Metabolic Loop
98,,98,Layered Negative Metabolic Loop,10837.488356277468,,,,,,8.137933924258946e-08,9.5134835138608e-08,0.16999999999999998,858.5312855703982,58699.74747474748,10837.488356277468,Layered Negative Metabolic Loop
26,,26,Layered Negative Metabolic Loop,10988.597980201703,,,,,,6.992170402782325e-08,9.387576548168493e-08,0.16999999999999998,838.3959599996842,59707.07070707071,10988.597980201703,Layered Negative Metabolic Loop
20,,20,Layered Negative Metabolic Loop,10593.59160758586,,,,,,9.970523011172732e-08,9.371705335506655e-08,0.16,879.2885772828301,60714.393939393936,10593.59160758586,Layered Negative Metabolic Loop
75,,75,Layered Negative Metabolic Loop,10755.140289164605,,,,,,9.623153612758231e-08,9.612614227957165e-08,0.16,879.6655416898583,61721.71717171717,10755.140289164605,Layered Negative Metabolic Loop
65,,65,Layered Negative Metabolic Loop,11503.137443493615,,,,,,7.057385465599214e-08,9.367801633089345e-08,0.16999999999999998,839.2005748067468,62729.0404040404,11503.137443493615,Layered Negative Metabolic Loop
21,,21,Layered Negative Metabolic Loop,11081.915328384905,,,,,,9.499183640871275e-08,9.95320395933359e-08,0.16,884.0971465667229,63736.36363636364,11081.915328384905,Layered Negative Metabolic Loop
67,,67,Layered Negative Metabolic Loop,11845.404593924033,,,,,,7.247328150017193e-08,9.159281182234075e-08,0.16999999999999998,838.9778262472665,64743.68686868687,11845.404593924033,Layered Negative Metabolic Loop
21,,21,Layered Negative Metabolic Loop,11401.112273761522,,,,,,9.64069070314522e-08,9.673642728642843e-08,0.16,880.950657599907,65751.01010101009,11401.112273761522,Layered Negative Metabolic Loop
87,,87,Layered Negative Metabolic Loop,11569.016195493381,,,,,,9.825240066703493e-08,9.938046239883686e-08,0.16,887.6828621600481,66758.33333333333,11569.016195493381,Layered Negative Metabolic Loop
51,,51,Layered Negative Metabolic Loop,11725.336648908062,,,,,,9.389712407323343e-08,9.96554609082869e-08,0.16,882.831598403011,67765.65656565657,11725.336648908062,Layered Negative Metabolic Loop
65,,65,Layered Negative Metabolic Loop,11883.154136062045,,,,,,9.905576371251771e-08,9.419779212264043e-08,0.16,879.4773683852767,68772.9797979798,11883.154136062045,Layered Negative Metabolic Loop
67,,67,Layered Negative Metabolic Loop,12710.39875640828,,,,,,9.99522158562661e-08,7.810018515139627e-08,0.16999999999999998,847.7472412567685,69780.30303030302,12710.39875640828,Layered Negative Metabolic Loop
72,,72,Layered Negative Metabolic Loop,12205.697274198963,,,,,,9.577990154964491e-08,9.64389775982522e-08,0.16,879.6770721787607,70787.62626262626,12205.697274198963,Layered Negative Metabolic Loop
35,,35,Layered Negative Metabolic Loop,12369.438725845921,,,,,,9.391596446794112e-08,9.922037784555526e-08,0.16,882.2468066540014,71794.9494949495,12369.438725845921,Layered Negative Metabolic Loop
71,,71,Layered Negative Metabolic Loop,12529.729248061907,,,,,,9.333575588530611e-08,9.91259859645252e-08,0.16,881.3656116982689,72802.27272727274,12529.729248061907,Layered Negative Metabolic Loop
79,,79,Layered Negative Metabolic Loop,13385.97201992493,,,,,,7.619947291066014e-08,8.781063412121556e-08,0.16999999999999998,838.340706793618,73809.59595959596,13385.97201992493,Layered Negative Metabolic Loop
25,,25,Layered Negative Metabolic Loop,12856.524616335584,,,,,,9.673812623097705e-08,9.928829827304233e-08,0.16,885.817545628513,74816.9191919192,12856.524616335584,Layered Negative Metabolic Loop
35,,35,Layered Negative Metabolic Loop,13022.02907157221,,,,,,9.955914294358398e-08,9.992025065446209e-08,0.16,890.1502836934192,75824.24242424243,13022.02907157221,Layered Negative Metabolic Loop
87,,87,Layered Negative Metabolic Loop,13175.790997445705,,,,,,9.988787812362006e-08,9.549284977304048e-08,0.16,882.7404923952004,76831.56565656565,13175.790997445705,Layered Negative Metabolic Loop
25,,25,Layered Negative Metabolic Loop,13342.511099878753,,,,,,9.800676986303891e-08,9.985658441116029e-08,0.16,888.2888776565312,77838.88888888889,13342.511099878753,Layered Negative Metabolic Loop
26,,26,Layered Negative Metabolic Loop,13503.358363352518,,,,,,9.92553474639792e-08,9.890246782546036e-08,0.16,887.9644239585784,78846.21212121213,13503.358363352518,Layered Negative Metabolic Loop
97,,97,Layered Negative Metabolic Loop,14412.366636509829,,,,,,8.520294186085668e-08,8.079807175326762e-08,0.16999999999999998,837.2656264088205,79853.53535353535,14412.366636509829,Layered Negative Metabolic Loop
59,,59,Layered Negative Metabolic Loop,13823.018517143933,,,,,,9.6557720879839e-08,9.90994447243385e-08,0.16,885.2811434065587,80860.85858585859,13823.018517143933,Layered Negative Metabolic Loop
74,,74,Layered Negative Metabolic Loop,13980.229932499793,,,,,,9.223934474735815e-08,9.994143753307618e-08,0.16,881.3208415907003,81868.18181818182,13980.229932499793,Layered Negative Metabolic Loop
21,,21,Layered Negative Metabolic Loop,14143.134058081683,,,,,,9.470134601172855e-08,9.912312412007897e-08,0.16,883.0532500008753,82875.50505050505,14143.134058081683,Layered Negative Metabolic Loop
22,,22,Layered Negative Metabolic Loop,14306.191279427949,,,,,,9.83266258826875e-08,9.773503287037707e-08,0.16,884.9387541754248,83882.82828282828,14306.191279427949,Layered Negative Metabolic Loop
21,,21,Layered Negative Metabolic Loop,14461.775166341715,,,,,,9.641862436792281e-08,9.582231282478363e-08,0.16,879.35092391747,84890.15151515152,14461.775166341715,Layered Negative Metabolic Loop
72,,72,Layered Negative Metabolic Loop,14623.221087228327,,,,,,9.606627423350206e-08,9.621435862240549e-08,0.16,879.6251276323673,85897.47474747474,14623.221087228327,Layered Negative Metabolic Loop
94,,94,Layered Negative Metabolic Loop,14786.46501786248,,,,,,9.995227519751318e-08,9.486621139110698e-08,0.16,881.6973410948024,86904.79797979798,14786.46501786248,Layered Negative Metabolic Loop
22,,22,Layered Negative Metabolic Loop,14953.084871857978,,,,,,9.912736437038293e-08,9.847306838178405e-08,0.16,887.1454779185839,87912.12121212122,14953.084871857978,Layered Negative Metabolic Loop
65,,65,Layered Negative Metabolic Loop,15107.972912985148,,,,,,9.835604301294406e-08,9.542772292507248e-08,0.16,880.8618018740377,88919.44444444444,15107.972912985148,Layered Negative Metabolic Loop
65,,65,Layered Negative Metabolic Loop,15272.170378836665,,,,,,9.595899982879184e-08,9.870281114075677e-08,0.16,883.8875505538354,89926.76767676767,15272.170378836665,Layered Negative Metabolic Loop
46,,46,Layered Negative Metabolic Loop,16297.702943067074,,,,,,6.945225172462922e-08,9.472158156587753e-08,0.16999999999999998,838.9074885216189,90934.09090909091,16297.702943067074,Layered Negative Metabolic Loop
85,,85,Layered Negative Metabolic Loop,15595.0134550758,,,,,,9.994553925365713e-08,9.63712833075596e-08,0.16,884.387192449536,91941.41414141415,15595.0134550758,Layered Negative Metabolic Loop
70,,70,Layered Negative Metabolic Loop,15754.859680367437,,,,,,9.467687218277141e-08,9.914599673549344e-08,0.16,883.0617005694585,92948.73737373737,15754.859680367437,Layered Negative Metabolic Loop
51,,51,Layered Negative Metabolic Loop,16815.464658963745,,,,,,9.69862811791767e-08,7.728723541698671e-08,0.16999999999999998,842.9343559334433,93956.06060606061,16815.464658963745,Layered Negative Metabolic Loop
65,,65,Layered Negative Metabolic Loop,16074.606626503357,,,,,,9.946061550711567e-08,9.44903734092681e-08,0.16,880.4652123619413,94963.38383838384,16074.606626503357,Layered Negative Metabolic Loop
74,,74,Layered Negative Metabolic Loop,16238.409971915102,,,,,,9.366433450387108e-08,9.997111990915647e-08,0.16,883.096840601971,95970.70707070707,16238.409971915102,Layered Negative Metabolic Loop
66,,66,Layered Negative Metabolic Loop,16398.994351360885,,,,,,9.421811153422822e-08,9.91538428331867e-08,0.16,882.5095028760378,96978.0303030303,16398.994351360885,Layered Negative Metabolic Loop
21,,21,Layered Negative Metabolic Loop,16566.646366247023,,,,,,9.998485446201023e-08,9.897786741479015e-08,0.16,888.989800590457,97985.35353535354,16566.646366247023,Layered Negative Metabolic Loop
38,,38,Layered Negative Metabolic Loop,16727.975327309254,,,,,,9.975905115254089e-08,9.925069452310033e-08,0.16,889.1470444809712,98992.67676767676,16727.975327309254,Layered Negative Metabolic Loop
